name	S160	D206	H237	Y87	W159	W185	S238	N241	M161	I208	T88	A89	I218	S207	A209	R280	P181	S290	D186	S187	C203	S214	C239	R90	L117	Q119	N233
wtIsPETase	160	206	237	87	159	185	238	241	161	208	88	89	218	207	209	280	181	290	186	187	203	214	239	90	117	119	233
wtCaPETase	169	215	246	*F101	168	194	*F247	*T250	170	*V217	*I102	*S103	*F227	*A216	218	*L286	*G190	*P298	*N195	*G196	*G212	*H223	*F248	*V104	*T131	*L133	*R242
wtBhrPETase	165	210	242	95	*H164	190	*F243	246	166	*V212	96	97	*F222	*T211	213		186	*Q293	*H191	*T192	*A207	*H218	*A244	*D98	125	*F127	*D238
tournament_wt_1	129	175	206	*F61	128	154	*F207	*T210	130	*V177	*I62	*S63	*F187	*A176	178	*L246	*G150	*P258	*N155	*G156	*G172	*H183	*F208	*V64	*T91	*L93	*R202
tournament_wt_2	130	176	207	61	*H129	*F155	*G208	*T211	131	*T178	62	63	*L187	*T177	*T179	*T246	*G151	*P256	*S156	*P157	*G173	183	*F209	*T64	*N92	*W94	*S203
tournament_wt_3	131	177	209	63	*H130	156	*F210	213	132	179	64	65	*F189	*A178	180	*I249	152		*N157	*L158	*A174	*H185	*A211	*S66	*Y93	95	*R205
tournament_wt_4	114	160	192	44	*H113	139	*F193	196	115	162	45	*G46	*F172	*T161	163	*L232	135	*P244	*H140	*L141	*A157	*H168	*A194	*T47	74	76	*D188
tournament_wt_5	114	159	191	44	*H113	139	*F192	195	115	*V161	45	46	*F171	*T160	162		135	*Q242	*H140	*T141	*A156	*H167	*A193	*D47	*F74	*Y76	*D187
tournament_wt_6	116	162	193	43	115	141	194	197	117	164	44	45	174	163	165	*A236	137	246	142	143	159	170	195	46	73	75	189
tournament_wt_7	114	160	192	44	*H113	139	*F193	196	115	162	45	*G46	*F172	*T161	163	*L232	135	*P244	*H140	*L141	*A157	*H168	*A194	*T47	74	76	*D188
tournament_wt_8	114	160	192	46	*H113	139	*F193	196	115	*V162	47	48	*F172	*T161	163	*Y232	*A135		*N140	*L141	*A157	*H168	*A194	*G49	*Y76	78	*R188
tournament_wt_9	114	160	192	46	*H113	139	*G193	*T196	115	*V162	47	*G48	*F172	161	163	*T232	135	*P242	*N140	*T141	*A157	*H168	*A194	*T49	*Y76	*Y78	*R188
tournament_wt_10	114	160	192	44	*H113	139	*F193	196	115	162	45	*G46	*F172	*T161	163	*W232	135	*P244	*H140	*T141	*A157	*H168	*A194	*T47	74	76	*D188
tournament_wt_11	114	160	192	46	*H113	139	*F193	*Q196	115	*V162	47	48	*F172	*T161	163	*S232	135	*P241	*N140	*T141	*G157	*H168	*F194	*S49	*F76	78	188
tournament_wt_12	114	160	192	46	*H113	139	*F193	196	115	*V162	47	48	*F172	161	163	*T232	135	*P242	*N140	*L141	*A157	*H168	*A194	49	*S76	78	188
tournament_wt_13	117	164	196	*F44	*H116	143	*F197	200	118	166	45	*Q46	*H176	*R165	167	*D240	139		*Q144	*P145	*G161	*H172	*I198	*L47	*R74	*R76	*A192
tournament_wt_14	119	165	197	51	*H118	144	*F198	201	120	167	52	*G53	*F177	*L166	168	*E237	140	*P246	*H145	*L146	*A162	*H173	*A199	*T54	*V81	83	*D193
tournament_wt_15	113	159	191	45	*H112	138	*F192	195	114	*V161	46	*G47	*F171	160	162	*E231	134	*P240	*H139	*L140	*A156	*H167	*A193	*T48	75	77	*D187
tournament_wt_16	115	173	205	*L47	*Y114	*D140	*Y206	*A210	*L116	*T175	*K48	*G49	*A185	*T174	176		*A136	*P256	141	*A146	*G170	*M181	*A207	*D50	*Y77	*L79	*R201
tournament_wt_17	101	147	179	*F33	*Y100	*F126	*T180	*R184	102	*V149	*R34	*D35	*M159	*P148	150		*A122		127		*G144	*M155	*A181	*T36	63	*R65	*R175
tournament_wt_18	97	150	182	*F29	*Y96	*F122	*D183	*H187	98	*V152	30	*S31	*F162	*D151	153	*S222	*A118		*Y123	*I124	*G147	*F158	*T184	*K32	*A59	*F61	*K178
tournament_wt_19	116	162	193	*F43	115	141	194	197	117	164	44	45	*F174	*T163	165	*N236	137	*N246	*S142	*A143	159	*H170	195	46	73	75	189
tournament_wt_20	114	160	192	*F46	*H113	139	*F193	196	115	*V162	47	48	*F172	*T161	163	*L232	135	*P242	*N140	*L141	*A157	*H168	*T194	*Y49	*Y76	78	188
tournament_wt_21	114	160	192	46	*H113	139	*F193	196	115	*V162	47	48	*F172	*T161	163	*L232	135	*P242	*N140	*L141	*A157	*H168	*A194	*S49	76	78	188
tournament_wt_22	114	160	190	42	*H113	*Y139	*L191	*T195	115	*V162	*Q43	*G44	*W172	*P161	163	*D233	135	*P248	*H140	*P141	157	*F168	192	*T45	*T72	*D74	*P187
tournament_wt_23	114	160	192	46	*H113	139	*F193	*Q196	115	*V162	47	48	*F172	161	163	*A232	135	*P241	*N140	*L141	*G157	*H168	*F194	*S49	76	78	*D188
tournament_wt_24	117	162	194	47	*H116	142	*F195	198	118	*V164	48	49	*F174	*T163	165		138	*Q245	*H143	*T144	*A159	*H170	*A196	*D50	77	*F79	*D190
tournament_wt_25	124	177	209	51	*H123	*Y150	*N210	214	*L125	*V179	52	53	*L189	*T178	180	*L252	146		*E153	*L154	*S174	*H185	*L211	*T54	*R81	*T83	*A205
tournament_wt_26	119	167	199	*F46	*H118	*G145	*F200	203	120	*L169	*F47	*E48	*H179	*R168	170	*I252	141		*G146	*R148	*G164	*H175	*I201	49	*N76	*L78	*G195
tournament_wt_27	108	153	183	40	107	*Y133	*F184		109	155	*V41	*S42	*F165	*R154	156	*N225	129	*G238		*H134	150	*Y161	185	*Y43	*Y70	*D72	*K179
tournament_wt_28	114	161	193	*F44	113	139	*F194	*T197	115	*T163	*G45	46	*Y173	*Q162	164		*A135	*P240	140	142	*A158	*Y169	*F195	*A47	74	*F76	*K189
tournament_wt_29	117	163	194	48	*H116	*Y142	*G195	*G199	118	*V165	49	50	*L174	*T164	*V166	*S234	*G138	*P244	*S143	*P144	*G160	*Y170	*F196	*L51	*N79	*F81	*A190
tournament_wt_30	114	160	191	45	*H113	*Y139	192	*T195	115	*T162	46	47	*H171	*G161	*S163		*G135		*S140	*P141	*G157	167	*F193	*T48	*N76	*W78	*T187
tournament_wt_31	113	159	191	45	*H112	138	*F192	195	114	*V161	46	47	*F171	160	162	*A231	134	*P240	*H139	*T140	*G156	*H167	*F193	*G48	*Y75	77	*G187
tournament_wt_32	114	160	192	46	*H113	139	*F193	196	115	162	47	*G48	*F172	161	163	*L232	135	*P242	*N140	*L141	*A157	*H168	*T194	*T49	76	78	188
tournament_wt_33	107	153	185	*F42	*H106	132	186	*R189	108	*T155	43	44	*F165	*P154	156	*T225	128	*P235	*H133	*T134	*G150	*H161	*D187	*T45	72	*D74	*R181
tournament_wt_34	117	163	194	48	*H116	*A142	*G195	*T198	118	*T165	49	50	*L174	*G164	*I166		*G138		*S143	*F144	*G160	170	*F196	*T51	*N79	*W81	*A190
tournament_wt_35	113	159	190	44	*H112	*A138	*G191	*T194	114	*T161	45	46	*L170	*G160	*V162		*G134		*S139	*F140	*G156	166	*F192	*T47	*N75	*W77	*T186
tournament_wt_36	113	159	190	44	*H112	*F138	*G191	*T194	114	*T161	45	46	*L170	*G160	*I162		134		*S139	*P140	*A156	*Y166	*F192	47	*N75	*Y77	*T186
tournament_wt_37	117	163	195	44	116	*Y141	*F196	199	118	*V165	*V45	*S46	*F175	*V164	166	*D238	137	*N249	*Y142	*A143	160	*H171	197	*Y47	*Y74	76	191
tournament_wt_38	122	167	199	49	121	147	*R200	203	123	169	*V50	*S51	*H179	*F168	170	*S242	*G143		*N151		*G164	*H175	*V201	*A52	*R79	*S81	*E195
tournament_wt_39	123	170	202	*F50	*H122	149	*F203	206	124	172	*R51	*E52	*H182	*R171	173	*D254	145		*Q150	*P151	*G167	*H178	*I204	*K53	*N80	*L82	*K198
tournament_wt_40	117	163	195	*F44	116	141	*Y196	199	118	165	*V45	*S46	*F175	*V164	166	*D238	137	*P249	142	*T143	160	*H171	197	*A47	*F74	76	191
tournament_wt_41	121	172	205	48	120	*H146	*F206	*G209	122	*Y175	49	*G50	*V185	*T174	*L176		*S142	*P256	*N147	*L148	*G169	*Q181	*D207	*V51	78	*T80	*A201
tournament_wt_42	125	175	207	51	124	150	*D208	211	126	177	*C52	*G53	*H187	*N176	178	*S250	*G146	*E259	*N154		*G172	*Y183	*A209	*V54	*A82	*W84	*S203
tournament_wt_43	122	169	201	49	*H121	148	*Y202	*D205	123	171	50	*E51	*H181	*R170	172	*D245	144		*E149	*P150	*G166	*H177	*I203	52	*R79	*R81	*D197
tournament_wt_44	120	167	199	*F47	*H119	146	*F200	*D203	121	169	48	*E49	*H179	*D168	170	*T243	142		*Q147	*P148	*G164	*H175	*I201	50	*R77	*R79	*E195
tournament_wt_45	114	160	192	*F46	*H113	139	*V193	197	115	162	*V47	*S48	*F172	*F161	163	*S233	135	*P244	*Y140	*V141	*A157	*N168	*G194	*P49	*F76	*A78	*E188
tournament_wt_46	114	160	192	*F46	*H113	139	*F193	196	115	162	47	48	*F172	161	163	*L232	135	*P242	*N140	*T141	*A157	*H168	*T194	*T49	*Y76	78	188
tournament_wt_47	124	177	209	51	*H123	*Y150	*N210	214	*L125	*V179	*R52	53	*L189	*T178	180	*A252	146		*E153	*L154	*S174	*H185	*M211	*T54	*D81	*A83	*A205
tournament_wt_48	122	168	200	49	121	146	*Y201	204	123	170	*V50	*S51	*F180	*A169	171	*D243	142	*N254	*Y147	148	165	*H176	202	*Y52	*Y79	81	196
tournament_wt_49	120	164	195	*F52	*H119	144	*W196		121	*V166	*L53	*E54	176	*N165	167	*F235	140	*P240		*A145	*G161	*Y172	*A197	*P55	*F82	*I84	*L191
tournament_wt_50	116	162	194	*F46	*H115	141	*F195	198	117	164	47	48	*F174	*T163	165	*Y234	137	*P248	*N142	143	*A159	*H170	*S196	*T49	76	78	190
tournament_wt_51	118	164	196	50	*H117	143	*L197	200	119	166	51	52	*F176	*T165	167	*L236	139	*P246	*N144	*L145	*A161	*H172	*T198	53	*Y80	82	192
tournament_wt_52	117	163	194	49	*H116	142	*N195	198	118	165	*G50	*E51	*S175	*T164	166	*P232	138	*R242	143	*V144	*A160	*Y171	*F196	*N52	*T79	*F81	*A190
tournament_wt_53	117	163	194	*F49	*H116	142	*F195	198	118	*V165	50	*E51	*F175	164	166	*S234	138	*P244	*H143	*N144	*A160	*H171	*T196	*S52	79	*F81	190
tournament_wt_54	117	163	194	48	*H116	*Y142	*G195	*G199	118	*V165	49	50	*L174	*T164	*V166	*S234	*G138	*P244	*S143	*P144	*G160	*Y170	*F196	*L51	*N79	*F81	*A190
tournament_wt_55	117	163	195	*F49	*H116	142	*F196	199	118	165	50	51	*F175	*T164	166	*L235	138	*P245	*N143	*L144	*A160	*H171	*S197	*T52	79	81	191
tournament_wt_56	116	162	194	*F48	*Y115	*F141	*G195	*R199	117	*L164	49	*D50	*M174	*R163	165		*A137	*G245	*G142		*G159	*M170	*V196	*S51	*T78	*F80	*R190
tournament_wt_57	118	164	196	50	*H117	143	*F197	200	119	*V166	51	52	*F176	*T165	167	*T236	139	*P246	*N144	*L145	*S161	*H172	*T198	*T53	80	82	192
tournament_wt_58	128	173	205	*F55	127	153	*L206	209	129	175	*R56	*G57	*H185	*R174	176	*S248	*A149		*H157		*G170	*N181	*V207	*S58	*S85	*S87	*K201
tournament_wt_59	121	167	199	48	120	*Y145	*F200	203	122	*V169	*L49	*S50	*F179	*V168	170	*N242	141	*D253	*Y146	*A147	164	*H175	201	*Y51	*Y78	80	*Y195
tournament_wt_60	119	165	197	*R51	*H118	*Y144	198	*K201	*F120	167	*N52	*G53	*F177	*K166	168	*P237	140	247	145	*K146	*A162	*H173	*S199	*N54	*K81	*R83	*A193
tournament_wt_61	114	160	192	*F46	*H113	139	*F193	*Q196	115	162	47	48	*F172	*T161	163	*T232	135	*P241	*N140	*L141	*G157	*H168	*F194	*T49	76	78	*L188
tournament_wt_62	116	162	194	49	*H115	141	195	*T198	117	164	*R50	*S51	*F174	*N163	165	*Q234	137	*R244	*N142	*T143	*A159	*H170	*V196	*S52	*S79	*S81	*R190
tournament_wt_63	117	163	195	49	*H116	142	*F196	199	118	*V165	50	51	*F175	164	166	*L235	138	*A245	*N143	*L144	*A160	*H171	*A197	*S52	*S79	81	191
tournament_wt_64	117	163	195	*F49	*H116	142	*L196	199	118	165	50	*G51	*F175	164	166	*T235	138	*P245	*H143	*T144	*A160	*H171	*A197	*T52	*F79	81	191
tournament_wt_65	118	164	195	*F50	*H117	143	*D196	199	119	166	*R51	*E52	*F176	*T165	167	*A235	139	*P244	144	*P145	*A161	*H172	*F197	*G53	*D80	*F82	*P191
tournament_wt_66	117	163	195	*F49	*H116	142	*F196	199	118	165	*L50	*E51	*F175	*V164	166	*A235	138	*P245	*N143	*M144	*A160	*H171	*T197	*P52	*T79	*F81	*K191
tournament_wt_67	117	163	194	*F49	*H116	142	*F195	*I198	118	*V165	*F50	*G51	*M175	*T164	166	*A234	138	*P244	*N143	*T144	*T160	*H171	*T196	*P52	*F79	81	*R191
tournament_wt_68	115	163	193	*F45	114	142	*F194	197	116	*V165	*L46	*S47	*F175	*G164	166		138		*H143	*N144	*G160	*H171	*F195	*D48	75	*D77	*A189
tournament_wt_69	115	161	193	47	*Y114	*F140	*G194	*R198	116	*V163	*G48	*D49	*M173	*H162	164		*A136	*G244	141		*G158	*M169	*A195	*T50	*Q77	*P79	*R189
tournament_wt_70	130	176	207	*L62	*H129	*Y155	*F208	*T211	131	178	*G63	64	*F188	*E177	179		*G151			*A156	*G173	*H184	*V209	*E65	*D92	*S94	*R204
tournament_wt_71	113	159	190	44	*H112	*F138	*G191	*T194	114	*T161	45	46	*Y170	*G160	*T162	*T229	*G134	*P239	*S139	*A140	*G156	166	*F192	*T47	*N75	*W77	*T186
tournament_wt_72	117	163	195	49	*Y116	*F142	*G196	*R200	118	*V165	*S50	*D51	*M175	*H164	166		*A138	*G246	143		*G160	*M171	*A197	*T52	*Q79	*P81	*R191
tournament_wt_73	119	165	197	*F49	118	144	*F198	*T201	120	167	*I50	*S51	*F177	*F166	168	*T237	140	*P246	*H145	*T146	*A162	*H173	*S199	*P52	*F79	81	*K193
tournament_wt_74	113	161	191	*F43	*H112	140	*F192	*Q195	114	*V163	44	45	*F173	*T162	164		136		*N141	142	*G158	*H169	*F193	46	*Y73	75	187
tournament_wt_75	118	164	194	46	*H117	*F143	*L195	*T199	119	*A166	*Q47	*G48	*W176	*V165	167	*D237	139	*P252	*H144	*M145	161	*Y172	196	*T49	*T76	*D78	*P191
tournament_wt_76	116	162	194	*F48	*H115	141	*F195	198	117	*V164	49	*G50	*F174	*T163	165	*S234	137	*P244	*H142	*T143	*A159	*H170	*A196	*T51	*Y78	80	190
tournament_wt_77	117	163	195	*F49	*H116	142	*F196	199	118	165	50	51	*F175	*T164	166	*L235	138	*P245	*N143	*L144	*A160	*H171	*T197	*Y52	79	81	*R191
tournament_wt_78	116	162	192	48	*H115	141	*F193	196	117	164	49	50	*F174	*T163	165	*L232	137	*G242	*N142	*L143	*A159	*H170	*A194	*S51	78	80	188
tournament_wt_79	123	169	201	*F50	*N122	148	*L202	*T205	124	171	*L51	52	*F181	*L170	172	*E246	*A144		*H149	*T150	166	*H177	203	*F53	*A80	82	197
tournament_wt_80	114	161	193	*F44	113	139	*F194	197	115	*V163	*V45	*S46	*F173	*V162	164		*A135	*P240	*H140	*T142	*A158	*H169	*F195	*A47	74	*F76	*Q189
tournament_wt_81	119	165	196	*F49	*H118	144	*V197	*A200	120	*S167	*N50	51	*F177	*A166	168	*V236	140	*P245	*A145	*L146	*G162	*H173	*R198	*D52	*N79	81	*D193
tournament_wt_82	119	165	197	49	*H118	*Y144	*G198	*T201	120	*V167	*V50	*S51	*F177	*T166	*T168	*E237	140	*A246	*H145	*T146	*G162	*H173	*T199	*T52	*Y79	81	*S193
tournament_wt_83	117	163	195	*F49	*H116	142	*F196	199	118	165	50	51	*F175	*T164	166	*L235	138	*P245	*N143	*T144	*A160	*H171	*T197	*Y52	79	81	191
tournament_wt_84	121	165	197	*F48	120	145	*Y198	201	122	*V167	*V49	*S50	*F177	*T166	168	*D240	141	*P251	146	*Q147	162	*H173	199	*S51	*Y78	80	193
tournament_wt_85	117	163	195	49	*H116	142	*F196	*Q199	118	*V165	50	51	*F175	*T164	166	*A235	138	*P244	*N143	*T144	*G160	*H171	*F197	*A52	*F79	81	191
tournament_wt_86	108	154	186	40	*H107	133	*F187	190	109	*T156	41	42	*F166	155	157	*G226	129	*P236	*N134	*T135	*A151	*H162	*T188	43	*S70	72	*D182
tournament_wt_87	117	163	195	*F49	*H116	142	*F196	199	118	165	50	51	*F175	164	166	*A235	138	*P245	*N143	*L144	*A160	*H171	*A197	*D52	*S79	81	191
tournament_wt_88	117	163	195	49	*H116	142	*F196	199	118	*V165	50	51	*F175	164	166	*A235	138	*P247	*N143	*T144	*A160	*H171	*A197	*G52	*Y79	81	*D191
tournament_wt_89	115	161	192	*F47	*H114	140	*F193	*Q196	116	163	48	49	*F173	*T162	164	*G232	136	*P241	*N141	*L142	*G158	*H169	*F194	*Y50	77	79	*R188
tournament_wt_90	115	163	193	*F45	114	142	*F194	*T197	116	*V165	*L46	*S47	*F175	*T164	166		138		*H143	144	*G160	*H171	*F195	*D48	*F75	*F77	*A189
tournament_wt_91	117	163	195	49	*H116	142	*F196	*Q199	118	*V165	50	51	*F175	164	166	*A235	138	*P244	*N143	*T144	*G160	*H171	*F197	*A52	*F79	81	191
tournament_wt_92	116	163	195	*F46	*Y115	141	196	*T199	117	*T165	47	*N48	*F175	*T164	166		*A137	*P243	*S142	144	*G160	*H171	*F197	*S49	*F76	*F78	*S191
tournament_wt_93	117	163	195	49	*H116	142	*F196	199	118	*V165	50	51	*F175	164	166	*T235	138	*P244	*N143	*L144	*A160	*H171	*A197	*D52	*Y79	81	*D191
tournament_wt_94	117	163	195	*F49	*H116	142	*F196	199	118	*V165	50	51	*F175	164	166	*Q235	138	*P244	*N143	*L144	*G160	*H171	*F197	*D52	*F79	81	*D191
tournament_wt_95	117	163	195	49	*H116	142	*F196	199	118	*V165	50	51	*F175	*T164	166	*T235	138	*P245	*N143	*L144	*A160	*H171	*T197	*T52	79	81	191
tournament_wt_96	116	162	194	*F48	*H115	141	*F195	198	117	*V164	49	*G50	*F174	*T163	165	*S234	137	*P244	*H142	*T143	*A159	*H170	*A196	*T51	*Y78	80	190
tournament_wt_97	117	163	194	48	*H116	*A142	*G195	*T198	118	*T165	49	50	*L174	*T164	*I166	*S233	*G138	*P243	*S143	*F144	*G160	170	*F196	*T51	*N79	*W81	*S190
tournament_wt_98	122	168	200	49	121	146	*Y201	204	123	*V170	*V50	*S51	*F180	*N169	171	*D246	142	*P257	147	148	165	*H176	202	*S52	79	81	196
tournament_wt_99	121	167	198	*W53	*Y120	146	*H199	*S202	122	*T169	*G54	*S55	*M179	*P168	170	*E238	*S142	*P248	147	*T148	*S164	*F175	*A200	*E56	83	*W85	*P194
tournament_wt_100	117	164	196	*F49	*F116	143	*T197	*E200	118	*V166	*V50	*G51	176	*G165	167	*T236	*A139	246	*N144	*T145	*G161	*F172	*L198	*E52	*I79	*G81	*S192
tournament_wt_101	117	163	193	49	*H116	142	*F194	*Q197	118	*V165	50	51	*F175	*T164	166	*A233	138	*P245	*N143	*T144	*G160	*H171	*F195	*S52	79	*Y81	189
tournament_wt_102	*C55	101	132	*H19	*H54	*A80	*G133	*T136	56	*T103	20	*C21	*L112	*G102	*I104	*T172	76	*P182	*S81	*F82	*A98	108	*F134				*S128
tournament_wt_103	118	163	193	50	117	*Y143	*F194		119	165	*V51	*S52	*F175	*R164	166	*K235	139	248		*H144	160	*Y171	195	*Y53	*Y80	*D82	189
tournament_wt_104	118	172	204	*F50	*Y117	*Y143	*E205	*H209	119	*L174	51	*G52	*Y184	*D173	175	*S244	*A139		*Y144	*A145	*G169	*F180	*A206	*L53	*A80	*F82	*A200
tournament_wt_105	113	159	190	44	*H112	*F138	191	*T194	114	*T161	45	46	*L170	*T160	*V162	*T230	*G134	*P240	*S139	*P140	*G156	166	*F192	*T47	*N75	*Y77	*T186
tournament_wt_106	118	164	194	46	*H117	*Y143	*L195	*T199	119	*V166	*Q47	*G48	*W176	*P165	167	*D237	139	*P252	*N144	*P145	161	*Y172	196	*T49	*G76	*D78	*P191
tournament_wt_107	117	163	195	49	*H116	142	*F196	199	118	165	50	51	*F175	*T164	166	*T235	138	*P245	*N143	*T144	*A160	*H171	*T197	*Y52	79	81	*R191
tournament_wt_108	116	162	194	*F48	*H115	141	*W195	*T198	117	164	*V49	*S50	*F174	*K163	165	*T234	137	*P244	*E142	*Y143	*G159	*M170	*A196	*P51	*M78	*F80	*R190
tournament_wt_109	119	166	198	*R51	*H118	*S144	*G199	*K202	*L120	*V168	*N52	*G53	*F178	*T167	169	*P238	140	*P248	145	*A147	*A163	*H174	*F200	*P54	81	*R83	*A194
tournament_wt_110	117	163	195	49	*H116	142	*F196	199	118	*V165	50	51	*F175	164	166	*A235	138	*P244	*N143	*L144	*G160	*H171	*F197	*D52	*Y79	81	191
tournament_wt_111	116	162	194	49	*H115	141	*D195	*V198	117	*V164	50	*G51	*M174	*I163	165	*D234	137		*S142	*V143	*A159	*H170	*A196	*T52	*G79	*S81	*R190
tournament_wt_112	117	163	195	49	*H116	142	*F196	199	118	*V165	50	*G51	*F175	164	166	*A235	138	*P244	*H143	*T144	*A160	*H171	*A197	52	79	81	*D191
tournament_wt_113	116	163	194	47	*H115	*G141	*L195	*T198	*A117	*T165	*S48	49	*L174	*P164	*V166	*S234	*G137	*P244	*T142	*P143	*G160	*Y170	*F196	*L50	*T78	*G80	*A190
tournament_wt_114	117	163	195	*F49	*H116	142	*L196	199	118	165	*I50	*S51	*F175	164	166	*T235	138	*P245	*H143	*T144	*A160	*H171	*A197	*T52	*W79	81	191
tournament_wt_115	114	162	193	45	*H113	*G139	*L194	*T197	*A115	*T164	*S46	47	*L173	*T163	*V165	*T232	*G135	*P242	*S140	*P141	*G159	*Y169	*F195	*L48	*T76	*S78	*T189
tournament_wt_116	118	164	196	50	*H117	143	*F197	200	119	*V166	51	52	*F176	*T165	167	*L236	139	*P246	*N144	*L145	*A161	*H172	*A198	*D53	80	82	192
tournament_wt_117	118	164	196	*F50	*H117	143	*F197	200	119	166	51	52	*F176	*T165	167	*L236	139	*P246	*N144	*T145	*A161	*H172	*T198	*T53	80	82	192
tournament_wt_118	118	164	194	46	*H117	*Y143	*L195	*T199	119	*V166	*Q47	*G48	*W176	*P165	167	*D237	139	*P252	*Y144	*P145	161	*Y172	196	*T49	*T76	*D78	*P191
tournament_wt_119	117	163	195	49	*H116	142	*F196	199	118	165	50	51	*F175	*T164	166	*L235	138	*P245	*N143	*L144	*A160	*H171	*A197	*L52	*S79	81	191
tournament_wt_120	117	163	195	49	*H116	142	*F196	199	118	*V165	50	51	*F175	164	166	*T235	138	*P245	*H143	*T144	*A160	*H171	*A197	*S52	*Y79	81	191
tournament_wt_121	120	166	198	50	*H119	*Y145	*G199	*V202	121	*V168	51	*S52	*F178	*N167	169	*G238	141	*P247	*N146	*Q147	*G163	*F174	*T200	*P53	*Y80	82	*Q194
tournament_wt_122	115	161	191	*F47	*H114	140	*F192	*T195	116	163	*L48	*E49	*F173	*T162	164	*A231	136	*P241	*N141	*T142	*A158	*H169	*V193	*V50	*F77	79	*R187
tournament_wt_123	114	160	192	*F46	*H113	139	*F193	196	115	162	47	48	*F172	*T161	163	*L232	135	*P242	*N140	*L141	*A157	*H168	*A194	*Y49	76	78	*R188
tournament_wt_124	118	164	195	*F50	*H117	143	*N196	199	119	166	*R51	*E52	*F176	*T165	167	*A235	139	*P244	144	*P145	*A161	*H172	*F197	*G53	*D80	*F82	*P191
tournament_wt_125	118	164	194	46	*H117	*Y143	*L195	*T199	119	*V166	*Q47	*G48	*W176	*P165	167	*D237	139	*P252	*H144	*P145	161	*F172	196	*T49	*T76	*D78	*P191
tournament_wt_126	119	165	197	*F51	*Y118	*F144	*G198	*R202	120	*L167	52	*D53	*M177	*R166	168		*A140	*G248	*G145		*G162	*M173	*V199	*S54	*T81	*F83	*R193
tournament_wt_127	117	165	196	48	*H116	*G142	*V197	*T200	*A118	*T167	*S49	50	*L176	*G166	*V168	*S236	*G138	*P246	*F143	*P144	*G162	*Y172	*Y198	*L51	*T79	*S81	*A192
tournament_wt_128	117	163	195	49	*H116	142	*F196	199	118	*V165	50	51	*F175	164	166	*T235	138	*P245	*N143	*L144	*A160	*H171	*A197	52	*S79	81	191
tournament_wt_129	118	164	196	*F50	*H117	143	*F197	200	119	166	51	52	*F176	*T165	167	*L236	139	*P246	*N144	*T145	*A161	*H172	*T198	*T53	*V80	82	192
tournament_wt_130	118	164	196	50	*H117	143	*F197	*Q200	119	*V166	51	52	*F176	165	167	*A236	139	*P245	*N144	*L145	*G161	*H172	*F198	*S53	80	82	*D192
tournament_wt_131	118	164	196	*F50	*H117	143	*F197	200	119	166	51	52	*F176	*T165	167	*T236	139	*A246	*N144	*L145	*A161	*H172	*A198	53	*S80	82	192
tournament_wt_132	117	163	195	*F49	*H116	142	*F196	*Q199	118	165	50	51	*F175	164	166	*S235	138	*P244	*N143	*L144	*G160	*H171	*F197	*Y52	*S79	81	191
tournament_wt_133	111	166	198	*F43	*Y110	*Y136	*A199	*H203	*F112	*V168	44	*D45	*A178	*E167	169		*T132	*P249	137	*A141	*G163	*F174	*A200	*T46	*Y73	*L75	*K194
tournament_wt_134	111	169	201	*L43	*Y110	*Y136	*F202	206	*L112	*T171	*K44	*G45	*A181	*T170	172		*A132	*P252	137	*T142	*G166	*M177	*A203	*D46	*Y73	*L75	*R197
tournament_wt_135	117	163	195	*F49	*H116	142	*F196	199	118	165	50	51	*F175	*T164	166	*L235	138	*P245	*N143	*L144	*A160	*H171	*S197	*L52	*V79	81	191
tournament_wt_136	111	157	189	*F46	*H110	136	190	*R193	112	*T159	47	48	*F169	*P158	160	*T229	132	*P239	*H137	*T138	*G154	*H165	*D191	*T49	*W76	*D78	*R185
tournament_wt_137	116	171	203	*F48	*Y115	*Y141	*A204	*G208	117	*T173	*H49	*G50	*A183	*A172	174		*T137	*P254	142	*A146	*G168	*F179	*A205	51	*A78	*L80	*T199
tournament_wt_138	116	162	193	*L48	*H115	*Y141	*F194	*T197	117	*V164	*G49	50	*F174	*E163	165	233	137	*P242		*A142	*G159	*H170	*V195	*D51	*E78	*T80	*K190
tournament_wt_139	117	163	195	*F49	*H116	142	*F196	199	118	*V165	50	51	*F175	*T164	166	*L235	138	*P245	*N143	*L144	*A160	*H171	*S197	*L52	*V79	81	191
tournament_wt_140	116	161	190	*W48	*H115	*F141	*N191	*G194	117	*L163	*N49	*G50	*A170	*G162	*V164	*T230	*G137	240	*W142	*P143	*M158	*R168	*Y192	*T51	*N78	*D80	*A186
tournament_wt_141	114	160	191	45	*H113	*F139	*G192	*T195	115	*V162	46	47	*L171	161	*V163	*S231	135	*P241	*S140	*P141	*A157	167	*F193	48	76	*W78	*A187
tournament_wt_142	117	163	193	*F49	*H116	142	*F194	*Q197	118	165	50	51	*F175	*T164	166	*L233	138	*P245	*N143	144	*G160	*H171	*F195	*G52	*Y79	*Y81	189
tournament_wt_143	117	163	195	49	*H116	142	*F196	199	118	*T165	50	51	*F175	*T164	166	*I235	138		*N143	*L144	*A160	*H171	*A197	*S52	*Y79	81	*R191
tournament_wt_144	119	165	196	49	*H118	144	*F197	*Q200	120	*V167	50	51	*F177	166	168	*A236	140	*P245	*N145	*L146	*G162	*H173	*F198	52	79	81	192
tournament_wt_145	117	163	195	49	*H116	142	*F196	199	118	165	50	51	*F175	164	166	*T235	138	*P245	*N143	*L144	*A160	*H171	*T197	*Y52	79	81	191
tournament_wt_146	117	163	195	49	*H116	142	*F196	199	118	165	50	51	*F175	*T164	166	*L235	138	*P245	*N143	*L144	*A160	*H171	*T197	*Y52	79	81	*R191
tournament_wt_147	117	163	193	45	*H116	*Y142	*L194	*T198	118	*V165	*Q46	*G47	*W175	*P164	166	*D236	138	*P251	*Y143	*P144	160	*Y171	195	*T48	75	*D77	*P190
tournament_wt_148	119	170	203	*L46	118	*H144	*F204	*G207	120	173	*S47	*G48	*V183	*T172	*L174		*S140	*P254	*N145	*L146	*G167	*Q179	*S205	*T49	76	78	*V199
tournament_wt_149	117	163	195	49	*H116	142	*F196	199	118	165	50	51	*F175	*T164	166	*L235	138	*P245	*N143	*L144	*A160	*H171	*T197	*Y52	79	81	191
tournament_wt_150	118	164	196	*F50	*H117	143	*F197	200	119	*V166	51	52	*F176	*T165	167	*L236	139	*P246	*N144	*T145	*A161	*H172	*T198	*Y53	80	82	192
tournament_wt_151	111	157	189	*F46	*H110	136	190	*R193	112	*T159	47	48	*F169	*P158	160	*T229	132	*P239	*H137	*T138	*G154	*H165	*D191	*T49	76	*D78	*R185
tournament_wt_152	118	164	196	50	*H117	143	*F197	200	119	166	51	*G52	*F176	165	167	*L236	139	*P246	*N144	*L145	*A161	*H172	*T198	*T53	80	82	192
tournament_wt_153	117	163	193	49	*H116	142	*F194	*Q197	118	*V165	50	51	*F175	*T164	166	*A233	138	*P245	*N143	*T144	*G160	*H171	*F195	*S52	79	*Y81	189
tournament_wt_154	114	160	192	*F46	*H113	139	*N193	*L196	115	162	*V47	*T48	*F172	*A161	163	*T232	135	*P242	*S140	*N141	*A157	*H168	*V194	*P49	*F76	78	*R188
tournament_wt_155	116	162	193	47	*H115	*F141	*G194	*T197	117	*V164	48	49	*L173	*G163	*V165	*S233	137	*P243	*S142	*P143	*A159	169	*F195	*K50	78	*W80	*A189
tournament_wt_156	117	163	195	49	*H116	142	*F196	199	118	*V165	50	51	*F175	*T164	166	*I235	138		*N143	*L144	*A160	*H171	*A197	*G52	*Y79	81	*R191
tournament_wt_157	117	163	195	49	*H116	*Y142	*F196	199	118	*T165	50	51	*F175	*R164	166	*T235	138		*N143	*L144	*A160	*H171	*A197	52	*Y79	81	*R191
tournament_wt_158	122	169	201	*F49	*H121	148	*F202	205	123	171	50	*Q51	*H181	*R170	172	*D245	144		*Q149	*P150	*G166	*H177	*I203	*L52	*R79	*R81	*A197
tournament_wt_159	118	164	196	50	*H117	143	*L197	200	119	*V166	51	52	*F176	*T165	167	*L236	139	*P246	*N144	*L145	*A161	*H172	*T198	53	*S80	82	192
tournament_wt_160	118	164	194	46	*H117	*Y143	*L195	*T199	119	*V166	*Q47	*G48	*W176	*P165	167	*D237	139	*P252	*Y144	*P145	161	*Y172	196	*T49	76	*D78	*P191
tournament_wt_161	117	163	195	49	*H116	142	*F196	199	118	165	50	*G51	*F175	*T164	166	*L235	138	*P245	*N143	*L144	*A160	*H171	*T197	*T52	79	81	191
tournament_wt_162	118	164	194	46	*H117	*Y143	*L195	*T199	119	*V166	*Q47	*G48	*W176	*P165	167	*D237	139	*Q252	*Y144	*P145	161	*Y172	196	*T49	*T76	*D78	*P191
tournament_wt_163	116	164	195	47	*H115	*G141	*V196	*T199	*A117	*V166	48	49	*L175	*T165	*V167	*S235	*G137	*P245	*F142	*P143	*G161	*Y171	*Y197	50	*T78	*G80	*A191
tournament_wt_164	116	162	194	48	*H115	141	*F195	198	117	164	49	*G50	*F174	*L163	165	*E234	137	*P243	*H142	*L143	*A159	*H170	*A196	*T51	*V78	80	*D190
tournament_wt_165	116	162	194	48	*H115	141	*F195	198	117	*T164	49	50	*F174	*R163	165	*L234	137		*N142	*A143	*A159	*H170	*A196	*S51	*Y78	80	*R190
tournament_wt_166	116	162	194	48	*H115	141	*F195	198	117	*V164	49	50	*F174	163	165	*A234	137	*P243	*N142	*L143	*A159	*H170	*A196	*G51	*V78	80	*R190
tournament_wt_167	114	158	190	46	*Y113	138	*N191		115	*V160	47	*G48	170	*T159	161	*T230	*A134	*P238		*A139	*G155	*H166	*S192	*K49	*K76	*F78	*I186
tournament_wt_168	114	158	190	46	*Y113	138	*D191		115	*V160	47	*G48	170	*T159	161	*T230	*A134			*A139	*G155	*H166	*S192	49	*K76	*F78	*I186
tournament_wt_169	115	161	192	*F47	114	140	*F193	*T196	116	*V163	*I48	*S49	*F173	*A162	164	*L232	*G136	*P244	*N141	*G142	*G158	*H169	*F194	*V50	*T77	*L79	*R188
tournament_wt_170	117	163	195	49	*H116	142	*L196	*I199	118	165	50	*G51	*F175	*T164	166	*T235	138	*P245	*N143	*T144	*A160	*H171	*T197	*T52	79	81	191
tournament_wt_171	117	163	195	*F49	*H116	142	*F196	199	118	*V165	50	51	*F175	*T164	166	*L235	138	*P245	*N143	*T144	*A160	*H171	*T197	*Y52	79	81	191
tournament_wt_172	117	163	195	*F49	*H116	142	*F196	199	118	165	*L50	*E51	*M175	*A164	166	*G235	138	*P245	*S143	*L144	*A160	*H171	*T197	*N52	*T79	*F81	*K191
tournament_wt_173	117	163	195	49	*H116	*Y142	*F196	199	118	*T165	50	51	*F175	*R164	166	*T235	138		*N143	*L144	*A160	*H171	*A197	52	*Y79	81	*R191
tournament_wt_174	117	163	195	44	116	141	*F196	199	118	*V165	*V45	*S46	*F175	*A164	166	*S238	137	*N249	*Y142	143	160	*H171	197	*Y47	*Y74	76	*A191
tournament_wt_175	115	161	193	47	*H114	140	*F194	197	116	*V163	48	49	*F173	162	164	*L233	136	*P245	*H141	*T142	*A158	*H169	*A195	*S50	*Y77	79	*E189
tournament_wt_176	114	160	191	45	*H113	*Y139	*G192	*G196	115	*V162	46	47	*L171	*T161	*V163	*S231	*G135	*P241	*S140	*P141	*G157	*Y167	*F193	*L48	*N76	*F78	*A187
tournament_wt_177	116	164	195	47	*H115	*G141	*V196	*T199	*A117	*V166	*S48	49	*L175	*T165	*V167	*S235	*G137	*P245	*F142	*P143	*G161	*Y171	*Y197	*L50	*T78	*S80	*A191
tournament_wt_178	114	160	191	45	*H113	*F139	*G192	*V195	115	*T162	46	47	*L171	*G161	*V163	*S231	135	*P241	*S140	*P141	*A157	*Y167	*F193	48	*N76	*Y78	*T187
tournament_wt_179	115	162	193	*L47	*H114	*Y140	*F194	*T197	116	164	*G48	49	*F174	*E163	165	*L233	136	*P242	*E141	*E142	*G159	*H170	*V195	*D50	*E77	*S79	*K190
tournament_wt_180	116	162	193	47	*H115	*F141	*G194	*T197	117	*T164	48	49	*L173	*G163	*V165	233	137	*P243	*S142	*P143	*A159	*Y169	*F195	50	*N78	*Y80	*T189
tournament_wt_181	118	164	196	50	*H117	143	*F197	200	119	166	51	52	*F176	*T165	167	*L236	139	*P246	*N144	*L145	*A161	*H172	*T198	*Y53	80	82	*R192
tournament_wt_182	117	163	195	*F49	*H116	142	*F196	199	118	165	50	51	*F175	164	166	*A235	138	*P245	*N143	*L144	*A160	*H171	*A197	*D52	*S79	81	191
tournament_wt_183	117	163	194	*I48	*H116	*Y142	*A195	*T198	118	*T165	49	50	*N174	*T164	*S166	*T233	*G138	*P243	*S143	*P144	*G160	*M170	*F196	*T51	*N79	*R81	*T190
tournament_wt_184	118	164	196	50	*H117	143	*F197	*Q200	119	*V166	51	52	*F176	165	167	*Q236	139	*P245	*N144	*L145	*G161	*H172	*F198	*S53	80	82	192
tournament_wt_185	117	163	195	*F49	*H116	142	*F196	199	118	165	*L50	*E51	*M175	*F164	166		138	*P239	*N143	*L144	*A160	*H171	*T197	*G52	*T79	*Y81	*K191
tournament_wt_186	114	160	191	45	*H113	*Y139	*G192	*G196	115	*V162	46	47	*L171	*T161	*V163	*S231	*G135	*P241	*S140	*P141	*G157	*Y167	*F193	*L48	*N76	*F78	*A187
tournament_wt_187	114	160	191	45	*H113	*Y139	*G192	*G196	115	*V162	46	47	*L171	*T161	*V163	*S231	*G135	*P241	*S140	*P141	*G157	*Y167	*F193	*L48	*N76	*F78	*A187
tournament_wt_188	119	167	199	*F46	*H118	144	*L200	*D204	120	169	47	48	*F179	*A168	170	*L242	140		*N145	*L146	164	*H175	201	*P49	76	78	*R195
tournament_wt_189	119	166	198	46	*H118	144	*F199	203	120	168	47	*G48	*F178	*A167	169	*T241	140	*P255	*N145	*L146	163	*H174	200	*T49	76	78	*R194
tournament_wt_190	120	167	199	*F47	*H119	146	*F200	*Q203	121	*V169	*I48	49	*F179	*T168	170	*D241	142		*S147	148	164	*H175	201	*Q50	77	*F79	*R195
tournament_wt_191	118	164	196	50	*H117	143	*F197	200	119	*V166	51	52	*F176	*T165	167	*L236	139	*P246	*N144	*L145	*A161	*H172	*A198	*S53	80	82	192
tournament_wt_192	115	161	193	*F47	*Y114	*F140	*T194	*R198	116	*V163	*R48	*D49	*M173	*P162	164		*A136	*G242	141		*G158	*M169	*A195	*T50	77	*R79	*R189
tournament_wt_193	117	172	204	*F49	*Y116	*Y142	*A205	*G209	118	*T174	*H50	*G51	*A184	*A173	175		*T138	*P255	143	*A147	*G169	*F180	*A206	52	*A79	*L81	*T200
tournament_wt_194	116	171	203	*F48	*Y115	*F141	*G204	*H208	*F117	*V173	49	*D50	*A183	*D172	174		*G137	*P254	142	*E146	*G168	*F179	*A205	*T51	*G78	*I80	*K199
tournament_wt_195	118	164	196	50	*H117	*Y143	*F197	200	119	*V166	51	52	*F176	165	167	*L236	139		*N144	*L145	*A161	*H172	*A198	53	*S80	82	*R192
tournament_wt_196	118	173	205	*F50	*Y117	*Y143	*A206	*G210	119	*T175	*H51	*G52	*A185	*A174	176		*T139	*A256	144	*A148	*G170	*F181	*A207	53	*A80	*L82	*T201
tournament_wt_197	114	169	201	*F46	*F113	*Y139	*A202	*G206	115	*T171	*H47	*G48	*A181	*A170	172		*T135	*P252	140	*A144	*G166	*Y177	*A203	49	*A76	*L78	*T197
tournament_wt_198	117	163	195	49	*H116	*Y142	*F196	199	118	*V165	50	51	*F175	164	166	*L235	138		*N143	*L144	*A160	*H171	*A197	52	*S79	81	*R191
tournament_wt_199	116	162	194	*F48	*H115	141	*M195	*T198	117	164	*L49	*E50	*F174	*L163	165	*P234	137	*P244	*S142	*P143	*A159	*F170	*A196	*S51	*Q78	*T80	*A190
tournament_wt_200	118	164	196	*F50	*H117	143	*F197	200	119	166	51	52	*F176	*T165	167	*L236	139	*P246	*N144	*L145	*A161	*H172	*A198	*T53	*S80	82	*R192
tournament_wt_201	118	163	193	50	117	*Y143	*F194		119	165	*V51	*S52	*F175	*R164	166	*N235	139	248		*H144	160	*Y171	195	*Y53	*Y80	*D82	*K189
tournament_wt_202	116	162	193	47	*H115	*Y141	*G194	*G198	117	*V164	*N48	49	*L173	*T163	*V165	*N233	*G137	*P243	*S142	*P143	*G159	*Y169	*F195	*L50	*N78	*F80	*A189
tournament_wt_203	117	163	194	48	*H116	*Y142	*G195	*T198	118	*T165	49	50	*L174	*G164	*S166	*T233	*G138	*P243	*S143	*P144	*G160	170	*F196	*T51	*N79	*F81	*T190
tournament_wt_204	112	158	190	*F47	*H111	137	191	*R194	113	*T160	48	*S49	*F170	*P159	161	*T230	133	*P240	*H138	*L139	*G155	*H166	*D192	*D50	77	*D79	*R186
tournament_wt_205	116	162	194	*F48	*H115	141	*F195	198	117	*V164	49	*G50	*F174	*T163	165	*A234	137	*P243	*H142	*T143	*A159	*H170	*A196	*T51	*Y78	80	190
tournament_wt_206	116	162	193	47	*H115	*A141	*G194	*T197	117	*T164	48	49	*L173	*G163	*I165	*T233	137	*P243	*S142	*F143	*A159	169	*F195	*S50	*T78	*F80	*T189
tournament_wt_207	115	161	191	*F47	*H114	140	*F192	195	116	163	*V48	*E49	*F173	*F162	164	*G231	136	*P241	*S141	*N142	*A158	*H169	*V193	*S50	*F77	79	187
tournament_wt_208	116	162	193	47	*H115	*Y141	*G194	*G198	117	*V164	48	49	*L173	*T163	*V165	*S233	*G137	*P243	*S142	*P143	*G159	*Y169	*F195	*L50	*N78	*F80	*A189
tournament_wt_209	119	165	197	49	*H118	*Y144	*G198	*T201	120	*V167	*V50	*S51	*F177	*T166	*T168	*E237	140	*A246	*H145	*T146	*G162	*H173	*T199	*T52	*Y79	81	*S193
tournament_wt_210	116	162	193	47	*H115	*Y141	*G194	*G198	117	*V164	48	49	*L173	*T163	*V165	*S233	*G137	*P243	*S142	*P143	*G159	*Y169	*F195	*L50	*N78	*F80	*A189
tournament_wt_211	121	167	199	48	120	145	*Y200	203	122	*V169	*V49	*S50	*F179	*I168	170	*D245	141	*P256	146	*T147	164	*H175	201	*A51	*F78	80	*D195
tournament_wt_212	117	163	195	*F49	*H116	142	*F196	199	118	165	50	51	*F175	*T164	166	*A235	138	*C245	*N143	*L144	*A160	*F171	*A197	52	*S79	81	191
tournament_wt_213	117	163	195	*F49	*H116	142	*F196	199	118	*V165	50	51	*F175	*T164	166	*L235	138	*A245	*N143	*T144	*A160	*H171	*A197	*Y52	*S79	81	191
tournament_wt_214	117	163	195	*F49	*H116	142	*F196	199	118	165	50	51	*F175	*T164	166	*L235	138	*P245	*N143	*T144	*A160	*H171	*T197	*Y52	79	81	191
tournament_wt_215	115	161	193	*F47	*H114	140	*M194	*T197	116	163	*L48	*E49	*F173	*L162	164	*P233	136	*P243	*N141	*P142	*A158	*H169	*A195	*S50	*W77	*T79	*A189
tournament_wt_216	116	162	194	48	*H115	141	*F195	198	117	164	49	*G50	*F174	*L163	165	*E234	137	*P243	*H142	*L143	*A159	*H170	*A196	*T51	*I78	80	*D190
tournament_wt_217	117	163	195	49	*H116	142	*F196	199	118	*V165	50	51	*F175	164	166	*A235	138	*P244	*N143	*L144	*G160	*H171	*F197	*D52	*Y79	81	191
tournament_wt_218	117	170	202	*F47	*F116	*F142	*Q203	*T207	118	*L172	48	*D49	*M182	*D171	173	*P243	*A138	*V255	143	145	*A167	*M178	*A204	*T50	*Y79	*T81	*R198
tournament_wt_219	120	165	195	52	119	*Y145	*F196		121	167	*V53	*S54	*F177	*R166	168	*K237	141	*P250		*H146	162	*Y173	197	*Y55	*Y82	*D84	191
tournament_wt_220	120	166	198	47	119	144	*F199	202	121	*V168	*V48	*S49	*F178	*V167	169	*D241	140	*N252	*Y145	146	163	*H174	200	*Y50	*Y77	79	194
tournament_wt_221	116	162	193	47	*H115	*F141	*G194	*G198	117	*V164	48	49	*L173	*T163	*V165	*S233	*G137	*P243	*S142	*P143	*G159	*Y169	*F195	*L50	*N78	*F80	*A189
tournament_wt_222	118	164	196	*R50	*H117	*Y143	197	*K200	*F119	166	*N51	*G52	*F176	*K165	167	*P236	139	246	144	*K145	*A161	*H172	*S198	*N53	*K80	*R82	*A192
tournament_wt_223	113	167	199	*F45	*Y112	*Y138	*E200	*H204	114	*L169	46	*G47	*Y179	*D168	170	*S239	*A134		*Y139	*G140	*G164	*F175	*A201	*Q48	*S75	*F77	*A195
tournament_wt_224	119	172	204	*F49	*F118	*F144	*Q205	*T209	120	*L174	50	*D51	*M184	*D173	175	*P245	*A140	*V257	145	147	*A169	*M180	*A206	*T52	*Y81	*T83	*R200
tournament_wt_225	117	165	196	48	*H116	*G142	*V197	*T200	*A118	*V167	49	50	*L176	*T166	*V168	*S236	*G138	*P246	*F143	*P144	*G162	*Y172	*Y198	51	*T79	*G81	*A192
tournament_wt_226	116	162	193	47	*H115	*F141	*G194	*T197	117	*T164	48	49	*L173	*T163	*T165	*N232	*G137	*P242	*S142	*P143	*G159	169	*F195	*T50	*N78	*W80	*T189
tournament_wt_227	117	163	195	*F49	*H116	142	*F196	199	118	165	50	51	*F175	*T164	166	*L235	138	*P245	*N143	*L144	*A160	*H171	*A197	*D52	*M79	81	191
tournament_wt_228	114	160	192	*F46	*H113	139	*N193	*L196	115	162	*V47	*T48	*F172	*A161	163	*T232	135	*P242	*S140	*N141	*A157	*H168	*V194	*P49	*F76	78	*R188
tournament_wt_229	117	163	195	49	*H116	142	*L196	199	118	165	50	51	*F175	*T164	166	*L235	138	*P245	*N143	*L144	*A160	*H171	*T197	52	*Y79	81	191
tournament_wt_230	117	163	195	*F49	*H116	142	*F196	199	118	*V165	50	51	*F175	*T164	166	*L235	138	*P245	*N143	*T144	*A160	*H171	*T197	*T52	79	81	191
tournament_wt_231	118	167	198	*F45	*F117	144	*F199	*G203	119	*V169	46	*N47	*Y178	*T168	170	*N244	140	*P257		*L145	*G164	*I175	*D200	*T48	75	*T77	*R194
tournament_wt_232	117	170	202	*F49	*Y116	*F142	*D203	*H207	118	*V172	50	*S51	*F182	*D171	173	*S242	*A138		*Y143	*I144	*G167	*F178	*T204	*K52	*A79	*F81	*K198
tournament_wt_233	119	164	196	*F50	*H118	144	*W197		120	*V166	51	*E52	176	*F165	167	*M236	*S140	*P244		*A145	*G161	*Y172	*A198	*P53	*F80	*E82	*L192
tournament_wt_234	118	164	196	50	*H117	143	*F197	200	119	166	51	52	*F176	*T165	167	*L236	139	*P246	*N144	*L145	*A161	*H172	*T198	*Y53	80	82	*R192
tournament_wt_235	116	162	193	*L48	*H115	*H141	*N194	*G197	117	*L164	*N49	*G50	*L173	*T163	*V165	*S232	*G137	*P242	*L142	*P143	*M159	*R169	*Y195	*T51	*N78	*S80	*A189
tournament_wt_236	120	166	198	50	*H119	*Y145	*G199	*V202	121	*V168	51	*S52	*F178	*N167	169	*G238	141	*P247	*N146	*Q147	*G163	*F174	*T200	*P53	*Y80	82	*Q194
tournament_wt_237	117	163	194	*F49	*H116	142	*F195	*I198	118	*V165	*F50	*G51	*M175	*T164	166	*A234	138	*P244	*N143	*T144	*T160	*H171	*T196	*P52	*F79	81	*R191
tournament_wt_238	120	166	198	*G50	*H119	145	*L199	*T202	*L121	*T168	*G51	*S52	*M178	*K167	169	*K238	*A141	*P247	*S146	*V147	*G163	*F174	*T200	*V53	*D80	*N82	*T194
tournament_wt_239	117	163	195	*F49	*H116	142	*F196	199	118	165	50	51	*F175	*A164	166	*L235	138	*P245	*N143	*L144	*A160	*H171	*A197	*Y52	79	81	*R191
tournament_wt_240	119	165	197	49	*H118	144	*F198	201	120	*V167	50	51	*F177	166	168	*A237	*G140	*L249	*N145	*L146	*A162	*H173	*A199	*S52	*Y79	81	193
tournament_wt_241	116	162	193	47	*H115	*Y141	*G194	*G198	117	*V164	48	49	*L173	*T163	*V165	*S233	*G137	*P243	*S142	*P143	*G159	*Y169	*F195	*L50	*N78	*F80	*A189
tournament_wt_242	117	163	195	49	*H116	142	*F196	199	118	*V165	50	51	*F175	*T164	166	*L235	138	*P245	*N143	*T144	*A160	*H171	*T197	*Y52	79	81	*R191
tournament_wt_243	116	162	193	47	*H115	*Y141	*G194	*G198	117	*V164	48	49	*L173	*T163	*V165	*S233	*G137	*P243	*S142	*P143	*G159	*Y169	*F195	*L50	*N78	*F80	*A189
tournament_wt_244	116	162	193	47	*H115	*Y141	*G194	*G198	117	*V164	48	49	*L173	*T163	*V165	*S233	*G137	*P243	*S142	*P143	*G159	*Y169	*F195	*L50	*N78	*F80	*A189
tournament_wt_245	118	164	196	*F48	*H117	143	*F197	200	119	*V166	49	50	*F176	165	167	*T236	139	*P246	*N144	*T145	*G161	*H172	*F198	*T51	*Y78	80	192
tournament_wt_246	119	165	197	*F49	118	144	*F198	*T201	120	167	*L50	*S51	*F177	*L166	168	*T237	140	*P246	*H145	*L146	*A162	*H173	*S199	*P52	*V79	*F81	*K193
tournament_wt_247	117	163	194	*W49	*Y116	142	*H195	*S198	118	*T165	*G50	*S51	*M175	*P164	166	*E234	*S138	*P244	143	*T144	*S160	*F171	*A196	*E52	79	*W81	*P190
tournament_wt_248	116	164	195	47	*H115	*G141	*V196	*T199	*A117	*V166	*S48	49	*L175	*A165	*V167	*S235	*G137	*P245	*S142	*P143	*G161	*Y171	*Y197	*L50	*T78	*S80	*A191
tournament_wt_249	116	162	194	49	*H115	141	195	*T198	117	164	*S50	*S51	*F174	*V163	165	*E234	137		*S142	*A143	*A159	*H170	*A196	*S52	*A79	*A81	*R190
tournament_wt_250	124	171	201	*L56	*H123	*Y149	*F202	205	*A125	*V173	*G57	58	*M183	*E172	174	*G241	*A145	*P252	*Y150	*D151	*G168	*H179	*V203	*D59	*D86	*T88	*D198
tournament_wt_251	116	164	194	*F46	*H115	143	*F195	*Q198	117	*V166	47	48	*F176	*T165	167		139		*N144	145	*G161	*H172	*F196	49	*Y76	78	190
tournament_wt_252	118	164	196	50	*H117	143	*F197	*Q200	119	*V166	51	52	*F176	165	167	*Q236	139	*P245	*N144	*L145	*G161	*H172	*F198	*A53	80	82	192
tournament_wt_253	118	164	196	*F50	*H117	143	197	*T200	119	*V166	51	52	*F176	*T165	167	*A236	139	*P245	*H144	*T145	*A161	*H172	*A198	53	*Y80	82	192
tournament_wt_254	117	163	194	48	*H116	*F142	*G195	*G199	118	*V165	49	50	*L174	*T164	*V166	*T234	*G138	*P244	*L143	*P144	*G160	*Y170	*F196	*L51	*N79	*F81	*A190
tournament_wt_255	116	162	193	47	*H115	*Y141	*G194	*G198	117	*V164	48	49	*L173	*T163	*V165	*S233	*G137	*P243	*S142	*P143	*G159	*Y169	*F195	*L50	*N78	*F80	*A189
tournament_wt_256	118	164	196	*F50	*H117	143	*F197	200	119	166	51	52	*F176	*T165	167	*L236	139	*P246	*N144	*L145	*A161	*H172	*T198	*Y53	*S80	82	*R192
tournament_wt_257	118	164	196	*F50	*H117	143	*F197	200	119	166	51	52	*F176	*T165	167	*L236	139	*P246	*N144	*L145	*A161	*H172	*A198	*T53	*S80	82	*R192
tournament_wt_258	116	162	194	*F48	*H115	141	*L195	*T198	117	164	*L49	*E50	*F174	*F163	165	*P234	137	*P244	*S142	*P143	*A159	*F170	*A196	*A51	*W78	*T80	*A190
tournament_wt_259	115	163	193	45	114	142	*F194	197	116	*V165	*L46	*S47	*F175	164	166	*V233	138		*N143	*G144	*G160	*H171	*F195	*Y48	*Y75	77	*G189
tournament_wt_260	116	162	194	*F48	*H115	141	*L195	*T198	117	164	*L49	*E50	*F174	*F163	165	*P234	137	*P244	*N142	*P143	*A159	*Y170	*V196	*S51	*W78	*T80	*A190
tournament_wt_261	117	163	195	*F49	*H116	142	*L196	*L199	118	165	50	*E51	*F175	*A164	166	*A235	138	*P244	*H143	144	*G160	*H171	*F197	*T52	*F79	81	191
tournament_wt_262	116	162	194	*F48	*H115	141	*M195	198	117	164	49	*E50	*F174	*A163	165	*D234	137	*P244	*H142	*L143	*A159	*H170	*V196	*L51	*F78	80	*R190
tournament_wt_263	117	163	194	48	*H116	*F142	*G195	*T198	118	*T165	49	50	*Y174	*G164	*T166	*N233	*G138	*P243	*S143	*A144	*G160	170	*F196	*T51	*N79	*W81	*T190
tournament_wt_264	119	165	197	49	*H118	144	*F198	*Q201	120	167	50	51	*F177	166	168	*A237	140	*P246	*N145	146	*G162	*H173	*F199	52	*Y79	81	193
tournament_wt_265	117	163	195	49	*H116	142	*F196	199	118	*V165	50	*G51	*F175	*T164	166	*P235	138	*P245	*H143	*T144	*A160	*H171	*A197	*T52	*Y79	81	*A191
tournament_wt_266	117	163	195	49	*H116	142	*F196	199	118	*V165	50	*G51	*F175	*T164	166	*P235	138	*P245	*H143	*T144	*A160	*H171	*A197	*T52	*S79	81	*A191
tournament_wt_267	116	162	193	47	*H115	*F141	*V194	*T197	117	*V164	48	49	*L173	*T163	*V165	*A233	*A137	*P243	*S142	*P143	*G159	*Y169	*Y195	50	*T78	*Y80	*A189
tournament_wt_268	115	162	194	*F45	*Y114	140	195	*T198	116	*T164	46	*N47	*F174	*T163	165		*A136	*P242	*S141	143	*G159	*H170	*F196	*S48	*F75	*F77	*S190
tournament_wt_269	117	163	195	49	*H116	142	*F196	199	118	165	50	*G51	*F175	*T164	166	*L235	138	*P245	*N143	*L144	*A160	*H171	*T197	*T52	79	81	191
tournament_wt_270	119	165	197	49	*H118	144	*F198	201	120	*V167	50	51	*F177	166	168	*T237	*G140	249	*N145	*L146	*A162	*H173	*A199	*S52	*F79	81	193
tournament_wt_271	119	165	196	49	*H118	144	*F197	*Q200	120	*V167	50	51	*F177	166	168	*A236	140	*P245	*N145	*T146	*G162	*H173	*F198	52	79	81	192
tournament_wt_272	110	157	189	*F40	*H109	135	*N190	*E193	111	*V159	41	42	*F169	*P158	160		*A131	*Q242	*N136	*W138	*G154	*F165	*F191	*K43	70	*F72	*A185
tournament_wt_273	115	161	192	*F47	*H114	*Y140	*G193	*A196	116	*T163	*G48	*T49	*A172	*G162	*V164	*N236	*G136	*P246	*V141	*P142	*G158	*Y168	*F194	*A50	*N77	*Y79	*A188
tournament_wt_274	118	164	194	46	*H117	*Y143	*L195	*T199	119	*V166	*Q47	*G48	*W176	*P165	167	*D237	139	*P252	*N144	*P145	161	*Y172	196	*T49	*G76	*D78	*P191
tournament_wt_275	118	164	196	50	*H117	143	*F197	200	119	*T166	51	52	*F176	165	167	*G236	139	*P246	*N144	*T145	*A161	*H172	*T198	53	*S80	82	*D192
tournament_wt_276	118	164	196	50	*H117	143	*F197	200	119	*V166	51	52	*F176	165	167	*A236	139	*P248	*N144	*T145	*A161	*H172	*A198	*G53	*Y80	82	192
tournament_wt_277	122	168	200	49	121	146	*F201	204	123	*V170	*V50	*S51	*F180	*A169	171	*S243	142	*D254	*Y147	*V148	165	*H176	202	*F52	*Y79	81	*A196
tournament_wt_278	117	165	196	48	*H116	*G142	*L197	*T200	*A118	*T167	*S49	50	*L176	*T166	*V168	*T235	*G138	*P245	*S143	*P144	*G162	*Y172	*F198	*L51	*T79	*S81	*T192
tournament_wt_279	119	165	197	49	*H118	144	*F198	*Q201	120	167	50	51	*F177	166	168	*A237	140	*P246	*N145	*T146	*G162	*H173	*F199	52	*Y79	81	193
tournament_wt_280	120	167	199	*F50	*H119	146	*L200	203	121	169	51	52	*F179	*A168	170	*S239	*A142	*P248	*H147	*T148	*A164	*H175	*I201	*T53	*Y80	82	195
tournament_wt_281	119	165	197	*F49	*H118	144	*L198	201	120	167	50	51	*F177	*T166	168	*S237	*A140	*P246	*H145	*T146	*A162	*H173	*I199	*S52	*Y79	81	*A193
tournament_wt_282	117	163	195	*F49	*H116	142	*F196	199	118	*V165	50	51	*F175	164	166	*Q235	138	*P244	*N143	*L144	*G160	*H171	*F197	*D52	*F79	81	*D191
tournament_wt_283	117	163	195	50	*H116	142	*D196	*S199	118	*V165	51	*G52	*M175	*T164	166	*E235	138		*S143	*V144	*A160	*H171	*A197	*T53	*A80	*S82	*R191
tournament_wt_284	118	164	196	50	*H117	143	*F197	200	119	*V166	51	52	*F176	*T165	167	*L236	139	*P246	*N144	*L145	*A161	*H172	*A198	*D53	80	82	192
tournament_wt_285	116	162	193	*F48	*H115	141	*F194	*Q197	117	164	49	50	*F174	*T163	165	*G233	137	*P242	*N142	*L143	*G159	*H170	*F195	*Y51	78	80	*R189
tournament_wt_286	117	163	195	*F49	*H116	142	*F196	*Q199	118	165	50	51	*F175	*T164	166	*L235	138	*P244	*N143	*T144	*G160	*H171	*F197	*Y52	79	81	*A191
tournament_wt_287	116	162	194	48	*H115	141	*F195	198	117	*V164	49	50	*F174	163	165	*A234	137	*P243	*N142	*L143	*A159	*H170	*A196	*G51	*V78	80	*R190
tournament_wt_288	117	163	195	*F49	*H116	142	*L196	199	118	165	*L50	*S51	*F175	164	166	*A235	138	*P245	*H143	*T144	*A160	*H171	*A197	*P52	*W79	*P81	191
tournament_wt_289	115	161	192	*F47	*H114	140	*F193	196	116	*V163	48	*E49	*F173	162	164	*S232	136	*P242	*H141	*N142	*A158	*H169	*T194	*S50	77	*F79	188
tournament_wt_290	116	162	193	47	*H115	*Y141	*G194	*G198	117	*V164	48	49	*L173	*T163	*V165	*S233	*G137	*P243	*S142	*P143	*G159	*Y169	*F195	*L50	*N78	*F80	*A189
tournament_wt_291	117	163	195	49	*H116	142	196	*T199	118	*V165	50	51	*F175	164	166	*A235	138	*P245	*H143	*T144	*A160	*H171	*A197	*T52	*Y79	81	191
tournament_wt_292	118	168	197	*L50	*H117	*V143	*G198	*T202	*F119		51	*S52	*V177			*F237	*L139	*A246	*N144	149	*G165	*E173	*T199	*S53	*M80	*Y82	*A193
tournament_wt_293	134	180	211	*L66	*H133	*Y159	*F212	*T215	135	182	*G67	68	*F192	*E181	183		*G155			*A160	*G177	*H188	*V213	*E69	*D96	*S98	*R208
tournament_wt_294	117	163	195	*F49	*H116	142	*F196	*T199	118	165	*V50	*S51	*F175	164	166	*A235	*G138		*N143	144	*A160	*H171	*A197	*P52	*F79	81	*G191
tournament_wt_295	117	163	195	*F49	*H116	142	*F196	199	118	*V165	50	51	*F175	*T164	166	*L235	138	*P245	*N143	*T144	*A160	*H171	*T197	*T52	79	81	191
tournament_wt_296	117	163	195	*F49	*H116	142	*F196	199	118	165	50	51	*F175	*T164	166	*L235	138	*P245	*N143	*L144	*A160	*H171	*T197	*Y52	79	81	*R191
tournament_wt_297	118	164	196	50	*H117	143	*G197	*T200	119	*V166	51	*G52	*F176	165	167	*T236	139	*P246	*N144	*T145	*A161	*H172	*A198	*T53	*Y80	*Y82	*R192
tournament_wt_298	119	166	198	*F49	*H118	145	*L199	202	120	168	50	51	*F178	*A167	169	*S238	*A141	*P247	*H146	*T147	*A163	*H174	*I200	*T52	*Y79	81	194
tournament_wt_299	116	162	194	48	*H115	141	*F195	198	117	164	49	50	*F174	163	165	*W234	137	*P246	*H142	*T143	*A159	*H170	*A196	*S51	*Y78	80	*D190
tournament_wt_300	117	163	195	49	*H116	142	*L196	*I199	118	165	50	*G51	*F175	*T164	166	*L235	138	*P245	*N143	*T144	*A160	*H171	*T197	*T52	79	81	191
tournament_wt_301	116	162	193	*F48	*H115	*Y141	*G194	*A197	117	*T164	*N49	*T50	*A173	*G163	*V165	*N237	*G137	*P247	*V142	*P143	*G159	*Y169	*F195	*A51	*N78	*Y80	*A189
tournament_wt_302	118	164	196	50	*H117	143	197	*T200	119	*V166	51	52	*F176	165	167	*A236	139	*P246	*H144	*T145	*A161	*H172	*A198	*T53	*Y80	82	192
tournament_wt_303	118	164	196	*F48	*H117	143	*F197	200	119	*V166	49	50	*F176	165	167	*T236	139	*P246	*N144	*T145	*G161	*H172	*F198	*T51	*Y78	80	192
tournament_wt_304	115	161	193	*F47	*H114	140	*F194	197	116	163	48	49	*F173	162	164	*L233	136	*P243	*N141	*T142	*A158	*H169	*T195	*T50	*Y77	79	189
tournament_wt_305	121	167	199	51	*H120	*Y146	*P200	*T203	122	*L169	*N52	53	179	*T168	*T170	*G239	142	*P248	*H147	*T148	*G164	*F175	*T201	*P54	*T81	83	*A195
tournament_wt_306	118	164	196	*F50	*H117	143	*V197	201	119	166	*V51	*S52	*F176	*F165	167	*S237	139	*P248	*Y144	*V145	*A161	*N172	*G198	*P53	*F80	*A82	*E192
tournament_wt_307	117	163	195	*F49	*H116	142	*F196	199	118	*V165	50	51	*F175	164	166	*L235	138	*P245	*N143	*L144	*A160	*H171	*A197	*D52	*M79	81	191
tournament_wt_308	86	132	163	17	*H85	*F111	*G164	*G168	87	*V134	18	19	*L143	*T133	*V135	*S203	*G107	*P213	*S112	*P113	*G129	*Y139	*F165	*L20	*N48	*F50	*A159
tournament_wt_309	116	164	194	*F46	*H115	143	*F195	*Q198	117	*V166	47	48	*F176	*T165	167		139		*N144	145	*G161	*H172	*F196	49	*Y76	78	190
tournament_wt_310	121	167	199	48	120	*Y145	*F200	203	122	*V169	*L49	*S50	*F179	*V168	170	*D242	141	*D253	*Y146	*A147	164	*H175	201	*Y51	*Y78	80	*Y195
tournament_wt_311	90	136	168	20	*H89	115	*G169	*V172	91	*V138	*N21	*S22	148	*D137	139	*G208	111	*P217	*H116	117	*G133	*H144	*T170	*A23	*S50	52	*A164
tournament_wt_312	120	167	199	*R52	*H119	*S145	*G200	*K203	*L121	*V169	*N53	*G54	*F179	*T168	170	*P239	141	*P249	146	*A148	*A164	*H175	*F201	*P55	82	*R84	*A195
tournament_wt_313	117	163	195	*F49	*H116	142	*F196	199	118	165	*L50	*E51	*M175	*F164	166		138	*P239	*N143	*P144	*A160	*H171	*A197	*G52	*T79	*Y81	*K191
