,pdb,chain_id,position,wtAA,prAA,wt_prob,pred_prob,avg_log_ratio,prALA,prARG,prASN,prASP,prCYS,prGLN,prGLU,prGLY,prHIS,prILE,prLEU,prLYS,prMET,prPHE,prPRO,prSER,prTHR,prTRP,prTYR,prVAL
0,7SH6.pdb,A,29,THR,MET,0.0746230851,0.1355811485,0.861,0.099880363,0.0386002812,0.0387910422,0.0488503707,0.0038774896,0.0550964603,0.1162271372,0.0062621415,0.0594207702,0.0050479919,0.0626550346,0.0731167485,0.1355811485,0.0178005639,0.0058128105,0.1216799283,0.0746230851,0.0025159061,0.0113562724,0.0228044542
1,7SH6.pdb,A,30,ASN,ASN,0.9806078898,0.9806078898,0.0,2.4343e-06,8.648e-07,0.9806078898,0.0188331762,7.36374e-05,2.20011e-05,9.59101e-05,5.14e-08,1.84746e-05,1.18931e-05,0.0002219184,1.926e-07,1.00439e-05,1.878e-07,2.8219e-06,6.4595e-05,2.66233e-05,1.18e-08,1.353e-07,7.137e-06
2,7SH6.pdb,A,31,PRO,PRO,0.999999001,0.999999001,0.0,1.649e-07,3.77e-08,2.52e-08,1.61e-08,3.4e-09,1.118e-07,2.927e-07,1.57e-08,1.52e-08,9e-10,3.84e-08,1.779e-07,1.45e-08,9e-10,0.999999001,6.07e-08,2.03e-08,2e-10,1e-09,1.6e-09
3,7SH6.pdb,A,32,TYR,TYR,0.6931754433,0.6931754433,0.0,2e-10,7.878e-07,2.017e-07,1.57e-08,6.9e-09,8.74e-08,1.44e-08,1e-10,0.0003304077,1e-10,1.586e-07,2.786e-07,5.948e-07,0.2805963323,0.0,5e-10,1e-10,0.0258956697,0.6931754433,1e-10
4,7SH6.pdb,A,33,ALA,ALA,0.9420325431,0.9420325431,0.0,0.9420325431,6.88e-08,2.6574e-06,1.56295e-05,2.34917e-05,3.009e-07,2.533e-07,0.0001171216,1.807e-07,4e-09,3.75e-08,1.677e-07,8.37e-08,1.99e-08,1.304e-07,0.0576112337,0.0001955824,3.6e-09,1.68e-08,4.734e-07
5,7SH6.pdb,A,34,ARG,ARG,0.6264939322,0.6264939322,0.0,7.67e-08,0.6264939322,0.0011870567,1.28611e-05,4.7813e-06,0.0075837883,0.000337771,3.97e-08,0.298415233,2.43265e-05,0.0002673916,0.0596725289,0.0014706173,0.0002588433,3.79e-08,1.0944e-06,0.0014330013,0.000352552,0.0024772412,6.8255e-06
6,7SH6.pdb,A,35,GLY,GLY,0.999999875,0.999999875,0.0,1.15e-07,0.0,0.0,0.0,2e-10,0.0,0.0,0.999999875,0.0,0.0,0.0,0.0,0.0,0.0,0.0,9.8e-09,0.0,0.0,0.0,0.0
7,7SH6.pdb,A,36,PRO,PRO,0.9572758491,0.9572758491,0.0,0.0092933719,9.41916e-05,0.0007191739,0.0022243017,0.0002528035,8.14079e-05,0.0004198383,0.0237920365,8.48236e-05,1.8386e-06,4.31982e-05,0.0001990487,1.92691e-05,2.16669e-05,0.9572758491,0.0051414531,0.0003026838,2.1103e-06,1.93643e-05,1.15693e-05
8,7SH6.pdb,A,37,ASN,ASP,0.2383586641,0.6886491072,1.531,0.0001454709,0.0005339067,0.2383586641,0.6886491072,0.0006780855,0.0002012319,0.0033270704,1.6406e-06,0.000276833,0.0002632136,2.03561e-05,0.0020243735,9.45393e-05,8.9632e-06,6.55323e-05,0.0026185935,0.0615775956,1.0539e-06,1.09188e-05,0.0011428498
9,7SH6.pdb,A,38,PRO,PRO,0.9999999705,0.9999999705,0.0,2.7e-08,0.0,0.0,0.0,1e-10,0.0,0.0,1.8e-09,0.0,0.0,0.0,0.0,0.0,0.0,0.9999999705,6e-10,0.0,0.0,0.0,0.0
10,7SH6.pdb,A,39,THR,THR,0.8584482717,0.8584482717,0.0,3.08668e-05,2.1625e-06,9.1771e-06,4.4173e-06,1.56967e-05,2.7671e-06,7.0362e-06,1.8886e-06,2.049e-07,1.914e-07,2.0802e-06,3.0202e-06,4.424e-07,3.15e-08,1.96e-08,0.1414690153,0.8584482717,4.1e-09,3.38e-08,2.6725e-06
11,7SH6.pdb,A,40,ALA,ALA,0.9698024773,0.9698024773,0.0,0.9698024773,0.0001493403,0.0008644099,0.00125196,4.02892e-05,0.000556387,0.0018512328,0.0001295961,4.80313e-05,7.114e-07,2.47939e-05,0.0002855376,3.04343e-05,2.2559e-06,6.2832e-06,0.0248302033,0.0001176903,9.783e-07,3.2339e-06,4.1538e-06
12,7SH6.pdb,A,41,ALA,ALA,0.607860392,0.607860392,0.0,0.607860392,0.0287585811,0.0035461106,0.0093420944,0.0004748108,0.043933161,0.1725129304,0.0013499983,0.0009091972,0.0002680256,0.0018762343,0.0622489937,0.001179438,0.00023396,0.0015577099,0.0502256022,0.0121362914,7.88073e-05,0.0002235778,0.0012840841
13,7SH6.pdb,A,42,SER,SER,0.9968982698,0.9968982698,0.0,0.0021630065,8.999e-07,1.63792e-05,1.71678e-05,2.56674e-05,2.6478e-06,6.4839e-06,1.01009e-05,9.14e-08,4.02e-08,5.128e-07,1.5179e-06,2.876e-07,1.19e-08,1.625e-07,0.9968982698,0.0008562967,5.9e-09,1.17e-08,4.38e-07
14,7SH6.pdb,A,43,LEU,LEU,0.9999768282,0.9999768282,0.0,0.0,0.0,1.24e-08,2e-10,1.5e-08,2.191e-07,2.58e-08,0.0,6.1e-09,1.05e-08,0.9999768282,4e-10,2.28576e-05,2.24e-08,0.0,1e-10,9e-10,0.0,9e-10,3e-10
15,7SH6.pdb,A,44,GLU,GLU,0.9659549083,0.9659549083,0.0,2.802e-07,0.0002629821,0.0002147755,0.0001498412,2.4153e-05,0.0215456359,0.9659549083,1.45e-08,2.3484e-06,2.6731e-06,0.0006446929,0.00038398,0.0108024437,8.28e-08,1.57e-08,6.819e-07,9.2474e-06,3.389e-07,1.101e-07,7.943e-07
16,7SH6.pdb,A,45,ALA,ALA,0.8463618923,0.8463618923,0.0,0.8463618923,5.167e-07,8.8894e-06,1.60002e-05,1.46292e-05,1.3945e-06,1.2342e-06,2.1099e-06,2.976e-07,1.3e-09,4.36e-08,1.4469e-06,7.41e-08,1.25e-08,6.21e-08,0.153588127,3.2028e-06,4.7e-09,2.42e-08,3.69e-08
17,7SH6.pdb,A,46,SER,ALA,0.0851128247,0.5339310316,2.649,0.5339310316,0.0189516036,0.0033655168,0.0148946625,0.0006435203,0.0124019618,0.0643532387,0.0508817844,0.0001026162,3.49844e-05,0.0002292727,0.2102250386,0.0006241947,2.02251e-05,0.0001080054,0.0851128247,0.0038766381,7.3698e-06,1.81551e-05,0.0002173554
18,7SH6.pdb,A,47,ALA,ALA,0.7799874161,0.7799874161,0.0,0.7799874161,0.0011736645,0.0017540471,0.0032191293,0.0020876622,0.0011414647,0.0046615804,0.0098016018,0.0002071705,1.92754e-05,5.68401e-05,0.0027200323,0.000104704,5.61059e-05,1.69775e-05,0.145111049,0.0465465652,4.6217e-06,7.24047e-05,0.0012576878
19,7SH6.pdb,A,48,GLY,GLY,0.9999997931,0.9999997931,0.0,1.682e-07,2e-10,8e-10,3.6e-09,2.3e-09,2e-10,3e-10,0.9999997931,1e-10,0.0,0.0,3e-10,0.0,1e-10,2e-10,3.04e-08,2e-10,0.0,0.0,0.0
20,7SH6.pdb,A,49,PRO,PRO,0.9996910849,0.9996910849,0.0,9.77978e-05,2e-10,5.79e-08,5.029e-07,1.32e-07,1.05e-08,1.37e-08,8.723e-07,1.2e-09,0.0,0.0,4e-10,5e-10,0.0,0.9996910849,0.0002094166,1.082e-07,0.0,0.0,7e-10
21,7SH6.pdb,A,50,PHE,PHE,0.9951003651,0.9951003651,0.0,0.0,5e-10,4.71e-08,1e-08,1.33e-08,1.12e-07,9.75e-08,0.0,5.8916e-05,5e-10,2.5292e-06,3.51e-08,1.30035e-05,0.9951003651,0.0,2e-10,3e-10,1.41175e-05,0.004810752,1e-10
22,7SH6.pdb,A,51,THR,THR,0.7808782777,0.7808782777,0.0,0.001156714,1.97196e-05,0.0024117991,0.0082287649,0.0012491037,5.8759e-05,0.0018511109,1.39829e-05,3.1159e-06,0.0029609471,2.43202e-05,4.98704e-05,1.86005e-05,9.391e-07,1.06299e-05,0.0029151878,0.7808782777,2.441e-07,4.319e-07,0.1981474814
23,7SH6.pdb,A,52,VAL,VAL,0.9995632043,0.9995632043,0.0,3.035e-07,4e-10,2.09e-08,1.7e-09,1.18743e-05,2.3e-09,8e-10,7e-10,1e-10,0.0003005179,6.4e-09,5e-10,7.3e-09,1e-10,2.3e-09,1.697e-07,0.0001238868,0.0,0.0,0.9995632043
24,7SH6.pdb,A,53,ARG,ARG,0.4612756274,0.4612756274,0.0,0.0026722976,0.4612756274,0.0167776605,0.0011261017,0.000234996,0.1997337843,0.107001894,3.3148e-05,0.0125415656,1.74405e-05,0.0005342481,0.1876798916,0.0039006072,0.0009961786,4.467e-06,0.0027888162,0.0001726832,0.0002458316,0.0022149926,4.77682e-05
25,7SH6.pdb,A,54,SER,SER,0.9305710856,0.9305710856,0.0,0.0203006238,2.95152e-05,0.0121025722,0.028148337,0.0040576675,0.0002513757,0.0007529434,5.71772e-05,0.0022304041,2.46e-08,3.1652e-06,6.23226e-05,1.22339e-05,2.27761e-05,5.719e-07,0.9305710856,0.0013218776,6.2504e-06,6.83376e-05,7.384e-07
26,7SH6.pdb,A,55,PHE,PHE,0.9961537586,0.9961537586,0.0,2e-10,2e-09,9.37e-08,6.5e-09,3.66e-08,1.366e-07,6.73e-08,0.0,8.92443e-05,2.209e-07,2.0008e-06,3.63e-08,8.9243e-06,0.9961537586,1e-10,2.4e-09,7.24e-08,1.3066e-06,0.003743522,5.684e-07
27,7SH6.pdb,A,56,THR,THR,0.2918053377,0.2918053377,0.0,6.60789e-05,0.0117332203,0.0461094427,0.0173649479,0.0004464666,0.1308935548,0.2351343582,7.4261e-06,0.0301619547,0.0337542328,0.0054180803,0.0886129148,0.0051034536,0.0033716625,1.83604e-05,0.0019096379,0.2918053377,4.83134e-05,0.0017533665,0.0962871899
28,7SH6.pdb,A,57,VAL,VAL,0.9046170993,0.9046170993,0.0,6.21e-08,7e-10,8.09e-08,3.69e-08,1.1081e-06,1.82e-08,3.67e-08,5e-10,4.7e-09,0.0953455029,1.5651e-06,2.1e-09,1.458e-07,7.9e-09,7.5e-09,8.34e-08,3.42358e-05,1e-10,1.3e-09,0.9046170993
29,7SH6.pdb,A,58,SER,GLU,0.0995661376,0.3721287675,1.902,0.1928545257,0.0557032735,0.0121680636,0.0253026154,0.0020267883,0.032880571,0.3721287675,0.0052213428,0.0023316329,0.0110518148,0.0117596332,0.0646020944,0.003732667,0.0006602378,0.0134850021,0.0995661376,0.0600466069,0.0002505927,0.0008827127,0.03334492
30,7SH6.pdb,A,59,ARG,ARG,0.4878376444,0.4878376444,0.0,0.0004556551,0.4878376444,0.0061057284,0.0017539031,0.0001891748,0.0439556644,0.028138794,5.57943e-05,0.0173356473,0.0013898403,0.0010522518,0.24521856,0.0056277206,0.0378132232,2.52718e-05,0.0016472122,0.0023997934,0.0592172149,0.0568788473,0.0029020588
31,7SH6.pdb,A,60,PRO,PRO,0.9999999823,0.9999999823,0.0,1.73e-08,0.0,0.0,0.0,0.0,0.0,0.0,0.0,0.0,0.0,0.0,0.0,0.0,0.0,0.9999999823,3e-10,0.0,0.0,0.0,0.0
32,7SH6.pdb,A,61,SER,SER,0.6975449177,0.6975449177,0.0,0.0578865356,1.58232e-05,0.0118590831,0.2123682465,0.0081559011,0.0001804409,0.0041132974,0.0051547863,6.54301e-05,2.199e-06,5.22437e-05,2.05858e-05,2.18282e-05,5.6106e-06,1.14639e-05,0.6975449177,0.0024967667,1.4673e-06,5.4405e-06,3.79325e-05
33,7SH6.pdb,A,62,GLY,GLY,0.9999002721,0.9999002721,0.0,6.22889e-05,7.12e-08,2.626e-07,1.6632e-06,4.625e-07,1.491e-07,1.624e-07,0.9999002721,9.7e-09,1e-10,4e-10,5.55e-08,1.58e-08,2.5e-09,1.47e-08,3.45617e-05,4.2e-09,1e-09,2.2e-09,1e-10
34,7SH6.pdb,A,63,TYR,PHE,0.2487094515,0.7362696557,1.566,2e-09,5.03472e-05,9.741e-07,6.9e-09,3.621e-07,6.5964e-06,1.001e-07,4e-09,0.0147228473,1.9e-09,1.1525e-06,5.8285e-06,0.0001482061,0.7362696557,1e-10,1.36e-08,2.06e-08,8.44231e-05,0.2487094515,6.4e-09
35,7SH6.pdb,A,64,GLY,GLY,0.9999999995,0.9999999995,0.0,3e-10,0.0,0.0,0.0,0.0,0.0,0.0,0.9999999995,0.0,2.985896431e-16,0.0,0.0,0.0,0.0,0.0,2e-10,0.0,5.549571195e-16,0.0,0.0
36,7SH6.pdb,A,65,ALA,ASP,0.0326545323,0.457327067,3.808,0.0326545323,0.0010010292,0.2473298291,0.457327067,0.0018741544,0.1350301676,0.0512341135,0.0001409055,0.0005427374,3.1747e-06,0.000373636,0.0255775417,0.0002884211,1.30652e-05,4.7717e-06,0.0463731655,0.0001981478,4.5367e-06,1.7389e-05,1.16145e-05
37,7SH6.pdb,A,66,GLY,GLY,0.9999997605,0.9999997605,0.0,2.224e-07,0.0,2e-10,2e-10,9e-10,1e-10,1e-10,0.9999997605,0.0,0.0,0.0,1e-10,0.0,0.0,1e-10,1.53e-08,1e-10,0.0,0.0,0.0
38,7SH6.pdb,A,67,THR,THR,0.9273603289,0.9273603289,0.0,4.7859e-06,0.0001817372,0.0140478961,0.000104961,0.0029636257,0.0011738027,0.0004661834,7.34e-08,9.89198e-05,0.0006441074,4.09755e-05,0.0018308104,0.0013842924,2.3938e-06,2.54e-07,0.0001076159,0.9273603289,2.538e-07,1.2213e-06,0.0495857613
39,7SH6.pdb,A,68,VAL,VAL,0.9986198488,0.9986198488,0.0,1.0181e-06,2e-10,6.6e-09,2.1e-09,4.32224e-05,6e-10,1.5e-09,3.3e-09,1.8e-09,0.0013336577,2.88e-08,1.9e-09,6.9e-09,1.6e-09,1.8e-09,1.06e-08,2.1844e-06,1e-10,7e-10,0.9986198488
40,7SH6.pdb,A,69,TYR,TYR,0.9157099107,0.9157099107,0.0,0.0,8.9e-09,5e-10,0.0,0.0,5e-10,1e-10,0.0,2.704e-06,0.0,0.0,4.4e-09,5.4e-09,0.0840944147,0.0,0.0,0.0,0.0001929508,0.9157099107,0.0
41,7SH6.pdb,A,70,TYR,TYR,0.9867739056,0.9867739056,0.0,3e-10,6.0233e-06,5.7e-09,1e-10,2.2e-09,3.2e-08,7.1e-09,0.0,4.19339e-05,1e-10,6.7e-09,1.702e-07,2.668e-07,0.0127357788,0.0,1e-09,1e-10,0.000441866,0.9867739056,1e-10
42,7SH6.pdb,A,71,PRO,PRO,0.9999939519,0.9999939519,0.0,3.1338e-06,0.0,2.8e-09,7e-10,1.08e-08,1e-10,0.0,5e-09,0.0,0.0,0.0,0.0,0.0,0.0,0.9999939519,2.891e-06,3.7e-09,0.0,0.0,0.0
43,7SH6.pdb,A,72,THR,THR,0.9784315207,0.9784315207,0.0,0.0005290245,0.0001230512,0.00017727,0.0007909836,0.0022592048,0.0009896317,0.0010743517,1.4556e-06,2.9556e-06,0.0001688966,0.0001524356,9.96788e-05,8.87704e-05,3.175e-07,8.8994e-06,0.0106663448,0.9784315207,6.22e-07,4.485e-07,0.0044341372
44,7SH6.pdb,A,73,ASN,ASN,0.5673801396,0.5673801396,0.0,7.873e-07,5.5646e-06,0.5673801396,0.4319305899,4.5724e-05,9.85102e-05,0.0004311381,7.36e-08,4.6275e-06,1.8756e-06,3.7625e-06,5.2484e-05,2.2635e-06,1.026e-07,8.62e-08,2.72169e-05,9.4945e-06,3.15e-08,1.451e-07,5.3826e-06
45,7SH6.pdb,A,74,ALA,ALA,0.9721046815,0.9721046815,0.0,0.9721046815,8.224e-07,9.19725e-05,3.24022e-05,0.0016348655,7.1402e-06,1.48351e-05,7.7419e-06,7.4908e-06,3.86e-07,2.45e-07,4.3398e-06,3.6361e-06,4.894e-07,2.52081e-05,0.0257549671,0.0002146364,1.32e-08,2.735e-07,9.38535e-05
46,7SH6.pdb,A,75,GLY,GLY,0.9999997832,0.9999997832,0.0,3.98e-08,4e-10,1.45e-08,9.3e-09,7e-10,2e-10,5e-10,0.9999997832,1e-10,0.0,0.0,3e-10,0.0,0.0,1.046e-07,4.61e-08,0.0,0.0,0.0,0.0
47,7SH6.pdb,A,76,GLY,GLY,0.9994162724,0.9994162724,0.0,0.0005726199,1.5e-09,1.56e-08,1.755e-07,8.96e-08,9e-10,4.8e-09,0.9994162724,1e-10,0.0,1e-10,1.9e-09,2e-10,1e-10,8e-10,1.08115e-05,4.8e-09,0.0,0.0,1e-10
48,7SH6.pdb,A,77,THR,THR,0.4177481655,0.4177481655,0.0,0.2166083032,0.0015158594,0.0190839365,0.0782407025,0.0039936194,0.0102024002,0.0263803694,6.64348e-05,3.3809e-05,0.0006062565,0.0003472318,0.0164472804,0.002705358,4.2995e-06,0.0027154657,0.1397525135,0.4177481655,6.3458e-06,9.2493e-06,0.0635323997
49,7SH6.pdb,A,78,VAL,VAL,0.9996959292,0.9996959292,0.0,1.39e-08,3.73e-08,4.4852e-06,2.4e-08,3.77752e-05,1.66774e-05,9.3123e-06,0.0,8.35e-08,0.0002223405,1.21e-08,9.2e-09,4.185e-07,3.6e-09,1e-09,4.66e-08,1.28276e-05,2e-10,2.7e-09,0.9996959292
50,7SH6.pdb,A,79,GLY,GLY,0.9951656063,0.9951656063,0.0,0.0006757434,1.561e-07,3.777e-07,1.5322e-06,3.5782e-06,1.803e-07,2.039e-07,0.9951656063,1.03e-08,2.5e-09,1.41e-08,3.818e-07,6.09e-08,6.2e-09,6.00298e-05,0.0040916274,4.755e-07,1.6e-09,6e-09,5.7e-09
51,7SH6.pdb,A,80,ALA,ALA,0.9937729586,0.9937729586,0.0,0.9937729586,1.017e-07,7.184e-07,1.29e-07,8.75845e-05,1.179e-07,5.27e-08,4.0417e-06,1.929e-07,1.22e-08,5.8e-09,9.18e-08,6.75e-08,1.58e-08,1.4341e-06,0.0061061528,2.38224e-05,7e-10,1.76e-08,2.482e-06
52,7SH6.pdb,A,81,ILE,ILE,0.9963152376,0.9963152376,0.0,9.83e-08,4e-10,5.5e-09,7e-10,7.986e-07,3.9e-09,3.9e-09,2e-10,4e-10,0.9963152376,1.2585e-06,1.91e-08,1.779e-07,1e-10,7e-10,2.1e-09,1.1659e-06,0.0,1e-10,0.0036812262
53,7SH6.pdb,A,82,ALA,ALA,0.6876827442,0.6876827442,0.0,0.6876827442,7.69e-08,3.4872e-06,2.8116e-06,0.000936394,2.921e-07,4.925e-07,2.7456e-05,3.46e-08,2.87e-08,1.24e-08,1.348e-07,9.6e-08,3.9e-09,1.0058e-06,0.3111587104,0.0001809403,4e-10,5.4e-09,5.273e-06
54,7SH6.pdb,A,83,ILE,ILE,0.9982923382,0.9982923382,0.0,1.65e-08,9e-10,4.83e-08,5.4e-09,4.136e-07,4.3e-08,6.9e-08,6e-10,2.64e-08,0.9982923382,5.35586e-05,2.23e-08,1.8691e-06,3.06e-08,3.5e-09,4.8e-09,3.564e-07,2.2e-09,1.42e-08,0.0016511764
55,7SH6.pdb,A,84,VAL,VAL,0.9877876018,0.9877876018,0.0,5.57645e-05,8.53e-08,1.51211e-05,1.21465e-05,0.0006101511,1.504e-07,5.916e-07,1.791e-07,2.603e-07,0.0018229135,1.8576e-06,4.171e-07,1.6929e-06,1.259e-07,2.132e-07,3.97628e-05,0.0096508963,1.92e-08,4.95e-08,0.9877876018
56,7SH6.pdb,A,85,PRO,PRO,0.9998974244,0.9998974244,0.0,1.40688e-05,0.0,9.32e-08,2.73e-08,9.04e-08,1.11e-08,2.8e-09,1.53e-07,3.9e-09,0.0,0.0,1e-10,1e-10,0.0,0.9998974244,8.8073e-05,5.15e-08,0.0,0.0,4e-10
57,7SH6.pdb,A,86,GLY,GLY,0.9979445858,0.9979445858,0.0,0.0019748283,3.4e-09,2.15e-07,8.55e-08,4.8213e-06,4.3e-09,4.9e-09,0.9979445858,3.7e-09,0.0,6e-10,1.1e-09,1.2e-09,7e-10,5.456e-07,7.47108e-05,1.871e-07,0.0,3e-10,3e-10
58,7SH6.pdb,A,87,TYR,LYS,0.2132205527,0.2835499756,0.411,6.0767e-06,0.0806951222,0.0026307897,0.0005050071,0.0005274513,0.0606980551,0.0953928486,2.1212e-06,0.0875615779,5.36427e-05,0.0075462818,0.2835499756,0.0512291407,0.1010135019,2.95075e-05,1.13443e-05,3.9033e-06,0.0153006297,0.2132205527,2.24702e-05
59,7SH6.pdb,A,88,THR,THR,0.2168796368,0.2168796368,0.0,0.0107297809,0.0791960951,0.0262970883,0.0037119588,0.0184192951,0.0805399237,0.0988150254,0.0001246106,0.0085755989,0.0216300179,0.0837997894,0.2051708653,0.0261807729,0.0019702224,8.37348e-05,0.0900888993,0.2168796368,0.000197248,0.0008183753,0.026771061
60,7SH6.pdb,A,89,ALA,ALA,0.8280852679,0.8280852679,0.0,0.8280852679,2.49e-07,1.30786e-05,3.10241e-05,0.0001702821,9.404e-07,8.26e-07,0.0711028754,3.04e-08,9.7e-09,3.7e-09,1.171e-07,6.19e-08,4.5e-09,2.812e-07,0.1003759285,0.0002185187,1.3e-09,3.8e-09,4.956e-07
61,7SH6.pdb,A,90,ARG,ARG,0.5767025598,0.5767025598,0.0,7.635e-07,0.5767025598,0.0075291622,4.25934e-05,1.60874e-05,0.0003085193,9.32599e-05,3.649e-07,0.3572906296,6.0567e-06,4.84122e-05,0.0174247025,0.0002431998,0.0149972355,1.743e-07,1.98905e-05,0.0002590394,0.0011374526,0.0238524004,2.7496e-05
62,7SH6.pdb,A,91,GLN,ARG,0.1297238954,0.4088761084,1.656,4.12011e-05,0.4088761084,8.21897e-05,5.2237e-06,0.0001095197,0.1297238954,0.003110994,9.991e-07,9.63916e-05,0.183961229,0.0003033015,0.0936924308,0.1266106373,2.30734e-05,2.0927e-06,6.03079e-05,0.0171822574,0.0001004407,6.75293e-05,0.0359501774
63,7SH6.pdb,A,92,SER,GLU,0.0095230645,0.3465928919,5.186,0.2142728021,0.0041763757,0.0691112769,0.3244035117,0.0002588451,0.0113340389,0.3465928919,0.0003466956,0.0005431275,7.7645e-06,0.0025770392,0.0157663945,0.0002045191,9.75219e-05,8.316e-06,0.0095230645,0.0005828932,1.61137e-05,0.000137201,3.96073e-05
64,7SH6.pdb,A,93,SER,SER,0.562219473,0.562219473,0.0,0.4373557908,5.16e-08,2.0766e-06,4.05751e-05,0.0001357457,2.684e-07,3.078e-07,1.83539e-05,4.82e-08,2e-09,4.5e-09,5.71e-08,1.4e-08,3e-09,2.465e-07,0.562219473,0.0002268923,9e-10,3.1e-09,8.54e-08
65,7SH6.pdb,A,94,ILE,ILE,0.5626181722,0.5626181722,0.0,3e-08,7.305e-07,1.1776e-06,1e-07,8.5691e-06,4.03478e-05,3.0988e-06,4.5e-09,6.502e-07,0.5626181722,1.86504e-05,1.5856e-06,0.0028476636,3.575e-07,4e-09,2.5e-08,1.14182e-05,6.7e-09,8.15e-08,0.4344473269
66,7SH6.pdb,A,95,LYS,GLU,0.0029129401,0.8420126582,8.175,9.177e-07,0.0005158171,0.0045602117,0.0025088786,8.935e-06,0.1468888883,0.8420126582,7.3e-09,2.2339e-06,1.57261e-05,0.0002088049,0.0029129401,0.0003479885,3.37e-08,9.3e-09,1.27689e-05,1.1593e-06,4.48e-08,3.6e-08,1.9405e-06
67,7SH6.pdb,A,96,TRP,TRP,0.9769619206,0.9769619206,0.0,1.05658e-05,0.0150724227,8.8068e-06,1.20813e-05,1.371e-06,0.0001667157,2.26805e-05,7.953e-07,0.0007990015,2.263e-07,3.1781e-05,0.0002286256,0.0020165187,0.0019728414,8.49e-08,2.1321e-06,2.219e-07,0.9769619206,0.0026903632,8.439e-07
68,7SH6.pdb,A,97,TRP,TRP,0.9999742135,0.9999742135,0.0,0.0,6.874e-07,1e-10,0.0,0.0,5e-10,0.0,0.0,6.58e-08,0.0,1.51e-08,7e-10,1.3e-09,5.5091e-06,0.0,0.0,0.0,0.9999742135,1.95065e-05,0.0
69,7SH6.pdb,A,98,GLY,GLY,0.9999985877,0.9999985877,0.0,5.342e-07,1.7e-09,4.78e-08,7.61e-08,1.69e-08,5.4e-09,6.7e-09,0.9999985877,2.1e-09,2e-10,1.3e-09,3e-09,8e-10,1.2e-09,2.5e-09,6.998e-07,1.12e-08,1e-10,6e-10,8e-10
70,7SH6.pdb,A,99,PRO,PRO,0.9978739866,0.9978739866,0.0,0.0006915367,1.132e-07,1.067e-07,2.417e-07,3.547e-07,1.117e-07,6.563e-07,0.0004645364,3e-10,9e-10,3.8e-09,2.744e-07,3.7e-09,2e-10,0.9978739866,0.0009666428,1.4237e-06,0.0,3e-10,5.8e-09
71,7SH6.pdb,A,100,ARG,ARG,0.8364756177,0.8364756177,0.0,4e-10,0.8364756177,4e-10,1e-10,1.2e-09,2.5473e-06,8.01e-08,0.0,4.8443e-06,1e-10,3.54e-08,0.1630694447,5.0757e-06,7.697e-06,0.0,0.0,1e-10,4.6354e-06,0.0004300199,1e-10
72,7SH6.pdb,A,101,LEU,LEU,0.999300858,0.999300858,0.0,5.903e-07,8.66e-08,1.8941e-05,1.79e-06,1.69437e-05,1.11932e-05,9.0206e-06,3.45e-08,1.17702e-05,9.33923e-05,0.999300858,1.5782e-06,0.000514105,3.0853e-06,1.465e-07,5.052e-07,2.2668e-06,4.25e-08,8.877e-07,1.27624e-05
73,7SH6.pdb,A,102,ALA,ALA,0.9340517359,0.9340517359,0.0,0.9340517359,3.1e-09,2.44e-08,4.2e-08,1.04355e-05,3.7e-09,5e-09,7.213e-07,1.2e-09,0.0,0.0,1.8e-09,5e-10,0.0,3.31e-08,0.065934676,2.3156e-06,0.0,0.0,6e-10
74,7SH6.pdb,A,103,SER,SER,0.9998944784,0.9998944784,0.0,0.0001038144,0.0,1.78e-08,6.7e-09,9.536e-07,4e-10,3e-10,4.09e-08,1e-10,0.0,0.0,0.0,0.0,0.0,0.0,0.9998944784,6.873e-07,0.0,0.0,0.0
75,7SH6.pdb,A,104,HIS,TYR,0.0434567451,0.8679727154,4.32,2.1e-09,1.749e-07,1.3174e-06,1.67e-08,2.5e-08,4.632e-07,2.384e-07,0.0,0.0434567451,4.3e-09,6.9e-09,2.054e-07,4.353e-07,0.0884526988,1e-10,5.8e-09,2.7e-09,0.0001149359,0.8679727154,6.8e-09
76,7SH6.pdb,A,105,GLY,GLY,0.9996840096,0.9996840096,0.0,0.000305774,1.1e-09,2.042e-07,9.4e-08,7.267e-07,7e-10,3.3e-09,0.9996840096,8e-10,0.0,1e-10,1.9e-09,3e-10,1e-10,1.6e-09,9.1808e-06,5e-10,0.0,1e-10,0.0
77,7SH6.pdb,A,106,PHE,PHE,0.9945075338,0.9945075338,0.0,2e-10,4.58e-08,1.5e-09,4e-10,1.4e-09,3.2e-08,4e-09,0.0,1.202e-06,1.9e-09,2.54e-08,1.3062e-06,4.35032e-05,0.9945075338,0.0,4e-10,2.7e-09,7.03e-07,0.0054456359,2e-10
78,7SH6.pdb,A,107,VAL,VAL,0.9994753553,0.9994753553,0.0,5.978e-07,3e-10,6.29e-08,5.1e-09,6.01598e-05,3.5e-09,2.2e-09,5e-10,1.7e-09,0.000305294,2.46e-08,2.4e-09,4.8e-09,3e-10,1e-09,4.47e-08,0.000158439,0.0,1e-10,0.9994753553
79,7SH6.pdb,A,108,VAL,VAL,0.9999736292,0.9999736292,0.0,1.0882e-06,0.0,2.9e-09,5e-10,1.7526e-05,1e-10,2e-10,1e-10,0.0,2.3385e-06,1e-10,2e-10,1e-10,0.0,6e-10,3.88e-08,5.3745e-06,0.0,0.0,0.9999736292
80,7SH6.pdb,A,109,ILE,ILE,0.9932001807,0.9932001807,0.0,2.7e-08,1.21085e-05,1.4425e-06,2.78e-08,2.8222e-06,6.10208e-05,4.7463e-06,1.2e-09,6.41e-08,0.9932001807,0.0002469598,0.0001450691,0.0005641903,1.57e-08,1.74e-08,6.49e-08,7.4191e-06,4.1e-09,1.33e-08,0.005753805
81,7SH6.pdb,A,110,THR,ASN,0.1213709465,0.5245259131,2.112,3.33587e-05,1.2382e-05,0.5245259131,0.0003995405,0.002334564,0.000342749,0.0001382874,4.47e-07,2.33847e-05,0.3429429666,0.0049144798,0.0005801266,0.0002505862,2.55e-08,1.5195e-06,2.67221e-05,0.1213709465,3.02e-08,1.23e-07,0.0021018474
82,7SH6.pdb,A,111,ILE,ILE,0.9998865583,0.9998865583,0.0,1e-10,0.0,5e-10,0.0,3.49e-08,4.59e-08,3e-10,0.0,0.0,0.9998865583,1.59651e-05,2e-10,1.03951e-05,1e-10,0.0,1e-10,1.3e-07,0.0,0.0,8.68692e-05
83,7SH6.pdb,A,112,ASP,ASP,0.9800238236,0.9800238236,0.0,7.77462e-05,4.314e-07,0.0194137465,0.9800238236,2.15101e-05,4.2757e-06,1.54965e-05,5.39e-08,1.399e-07,2.02e-08,5.3e-08,5.86e-08,2.181e-07,1.1e-09,1.69e-08,0.000419363,2.28736e-05,1.6e-09,2e-09,1.681e-07
84,7SH6.pdb,A,113,THR,THR,0.9960100667,0.9960100667,0.0,8.8563e-05,3.461e-07,1.98519e-05,7.213e-07,0.001779083,1.0338e-06,2.0208e-06,5.39e-08,1.496e-07,1.0106e-06,1.2844e-06,1.05e-07,7.821e-06,1.705e-07,0.0003870403,2.0982e-05,0.9960100667,3.7e-09,6.1e-09,0.0016796864
85,7SH6.pdb,A,114,ASN,ASN,0.4676808798,0.4676808798,0.0,1.16657e-05,0.0093062239,0.4676808798,0.012415,0.0013986475,0.0180006269,0.0185784677,2.1257e-06,0.0002468545,0.1520298145,0.0969343294,0.0440555172,0.0048571638,1.23184e-05,1.61985e-05,0.0006049442,0.1524981052,1.70553e-05,9.9576e-06,0.0213241043
86,7SH6.pdb,A,115,SER,SER,0.9989837364,0.9989837364,0.0,6.00782e-05,1.882e-07,6.50379e-05,0.0007624589,6.92982e-05,2.0199e-06,2.4701e-06,7.66e-08,2.113e-07,1.4e-09,4.216e-07,1.6741e-06,1.545e-07,7.5e-09,7.44e-08,0.9989837364,5.20566e-05,4.3e-09,1.29e-08,1.68e-08
87,7SH6.pdb,A,116,THR,THR,0.7512643805,0.7512643805,0.0,0.0165356113,8.2119e-06,0.0018119568,0.0076953334,0.0110226959,0.0001941194,0.0004859025,2.99452e-05,3.2945e-06,8.15841e-05,0.0002210399,5.494e-06,4.70212e-05,2.448e-07,0.0078435214,0.2001345477,0.7512643805,2.145e-07,2.164e-07,0.0026146647
88,7SH6.pdb,A,117,LEU,THR,0.1284061581,0.3405969729,1.407,0.0001342715,0.0088787345,0.1278765371,0.0045085969,0.0187891266,0.1177156588,0.1485839094,7.106e-06,0.0034173408,0.0026823797,0.1284061581,0.058117065,0.0363244216,0.0003411419,7.877e-06,0.0017912057,0.3405969729,1.34137e-05,0.000102746,0.0017053369
89,7SH6.pdb,A,118,ASP,ASP,0.9997173028,0.9997173028,0.0,1.39e-08,8e-09,0.0002681187,0.9997173028,1.26499e-05,2.74e-08,7.947e-07,1e-10,7.78e-08,8e-10,8e-10,5.1e-09,2.01e-08,3e-10,2e-09,4.684e-07,4.738e-07,2e-10,2e-10,3.5e-08
90,7SH6.pdb,A,119,GLN,MET,0.1354900869,0.2664252156,0.976,2.749e-06,0.0070560522,0.0022442841,0.0004110984,0.0001494637,0.1354900869,0.013469157,1.2866e-06,0.0612184414,0.0003371821,0.0794155321,0.1210157417,0.2664252156,0.246728657,8.663e-07,2.0141e-05,0.0002970305,0.0008465615,0.0647462807,0.0001241724
91,7SH6.pdb,A,120,PRO,PRO,0.9999999207,0.9999999207,0.0,1.13e-08,0.0,1e-10,1e-10,2.1e-09,2e-10,2.3e-09,0.0,0.0,0.0,0.0,0.0,0.0,0.0,0.9999999207,3.7e-09,5.06e-08,0.0,0.0,8.7e-09
92,7SH6.pdb,A,121,GLU,GLU,0.8691372378,0.8691372378,0.0,3.789e-07,5.24072e-05,0.0234687473,0.0731471153,9.34146e-05,0.0161215326,0.8691372378,7.57e-08,0.01162291,0.000120512,0.0038841132,0.0011691745,0.0008515321,0.0002022946,1.17319e-05,6.7969e-06,2.54245e-05,3.0645e-06,6.34208e-05,1.81158e-05
93,7SH6.pdb,A,122,SER,SER,0.5789100374,0.5789100374,0.0,0.4057633777,9.7774e-06,0.0003577273,0.0051406146,0.00463185,4.16367e-05,0.0003961497,6.14534e-05,4.5907e-06,4.0671e-06,1.8475e-06,3.22874e-05,6.077e-06,4.408e-07,1.38663e-05,0.5789100374,0.004347908,2.173e-07,4.538e-07,0.0002756199
94,7SH6.pdb,A,123,ARG,ARG,0.9970141762,0.9970141762,0.0,2.05e-08,0.9970141762,2.588e-07,2.47e-08,6.99e-08,7.2771e-06,2.305e-07,8e-10,3.9056e-06,1.134e-07,6.1696e-06,0.0026619747,6.29489e-05,3.28144e-05,5e-10,5.2e-09,6e-10,4.45162e-05,0.0001654902,2.3e-09
95,7SH6.pdb,A,124,SER,SER,0.8974665005,0.8974665005,0.0,0.1001466669,3.365e-07,0.0011249191,1.9926e-05,0.0007984948,0.0001078411,7.4679e-06,4.5321e-06,0.000241058,4e-10,5.524e-07,2.5704e-06,6.20121e-05,7.706e-07,2.4e-08,0.8974665005,1.60354e-05,2.35e-08,2.638e-07,4.7e-09
96,7SH6.pdb,A,125,SER,THR,0.2061808775,0.6460533065,1.648,0.0611726055,0.0003030188,0.0004711246,0.0036288835,0.0032504879,0.0024514596,0.0041949662,2.89938e-05,3.71975e-05,0.0002762519,6.13195e-05,0.0016575252,0.0003106105,6.8688e-06,3.01261e-05,0.2061808775,0.6460533065,2.6915e-06,9.2854e-06,0.0698723995
97,7SH6.pdb,A,126,GLN,GLN,0.9896358274,0.9896358274,0.0,4.3913e-06,2.191e-07,5.635e-07,1.876e-07,1.3472e-06,0.9896358274,0.0081271327,3.27e-08,1.6937e-06,3.912e-07,5.49674e-05,1.8605e-06,0.0021376615,6.6e-09,4.7e-09,3.30438e-05,6.444e-07,2.6e-09,1.78e-08,4.2e-09
98,7SH6.pdb,A,127,GLN,GLN,0.6534845055,0.6534845055,0.0,0.0113703676,0.0010272809,0.0040114493,0.0001258262,0.023102853,0.6534845055,0.0042155742,0.0077283289,0.0001924012,1.57076e-05,0.0195366756,0.000126977,0.2203594215,2.3618e-06,3.7066e-06,0.0489230377,0.0057666787,8.113e-07,1.351e-06,4.6844e-06
99,7SH6.pdb,A,128,MET,MET,0.9795206978,0.9795206978,0.0,9.6e-09,4.2523e-06,3.1338e-06,9.28e-08,3.133e-07,0.020134024,5.96256e-05,1.1e-09,3.61e-06,2.55014e-05,0.0002436024,1.8255e-06,0.9795206978,2.4127e-06,7e-10,2.88e-08,6.15e-08,1.105e-07,6.125e-07,8.4e-08
100,7SH6.pdb,A,129,ALA,ALA,0.8928044336,0.8928044336,0.0,0.8928044336,2.98e-08,1.44669e-05,4.391e-05,0.0002196545,1.09e-07,2.405e-07,0.0250208322,3.47e-08,3e-10,1.4e-09,1.17e-08,1.24e-08,4.9e-09,7.487e-07,0.0818937489,1.7489e-06,5e-10,2.8e-09,8.3e-09
101,7SH6.pdb,A,130,ALA,ALA,0.9989221888,0.9989221888,0.0,0.9989221888,1.3e-09,2e-10,1e-09,1.687e-07,3.4e-09,1.8e-09,1.4101e-06,2e-10,0.0,0.0,2.4e-09,1.8e-09,0.0,7.8e-09,0.0010762018,1.05e-08,0.0,0.0,0.0
102,7SH6.pdb,A,131,LEU,LEU,0.9999972807,0.9999972807,0.0,5e-10,5e-10,8e-09,8e-10,2.9e-09,1.767e-07,1.08e-08,0.0,3.32e-08,3.864e-07,0.9999972807,1.98e-08,2.0768e-06,6e-10,0.0,2e-10,6e-10,0.0,2e-10,1.4e-09
103,7SH6.pdb,A,132,ARG,ARG,0.9829023616,0.9829023616,0.0,0.000559073,0.9829023616,4.45386e-05,1.88372e-05,3.57e-06,0.0036727803,0.0020745007,1.9621e-06,1.85185e-05,3.234e-07,3.33317e-05,0.0100794769,0.0004294464,7.9051e-06,1.203e-07,5.8502e-05,2.1926e-06,6.56501e-05,2.66199e-05,2.899e-07
104,7SH6.pdb,A,133,GLN,GLU,0.2145193993,0.7782992671,1.859,5.524e-07,1.56278e-05,0.0012021958,0.0011174542,7.6126e-06,0.2145193993,0.7782992671,3.39e-08,0.0013607313,2.00058e-05,0.0014167532,0.0011583215,0.0003204892,9.1043e-06,1.434e-07,2.2883e-06,0.0004252095,5.479e-07,7.9333e-06,0.0001163292
105,7SH6.pdb,A,134,VAL,VAL,0.9860256282,0.9860256282,0.0,1.8898e-06,5e-10,6.3e-09,4.1e-09,3.213e-06,3.3e-09,4.4e-09,2e-09,8e-10,0.0139371881,3.2864e-06,1.7e-09,2.621e-07,3.2e-09,1.85e-08,7.43e-08,2.84122e-05,1e-10,1e-09,0.9860256282
106,7SH6.pdb,A,135,ALA,ALA,0.6508364847,0.6508364847,0.0,0.6508364847,9.737e-07,0.0027312206,0.0250598233,0.0119913317,5.9389e-06,1.43745e-05,0.0269291617,2.96611e-05,1.441e-07,4.012e-07,1.22804e-05,5.118e-07,6.45e-07,3.8489e-06,0.2790894798,0.0032622302,7.58e-08,5.6e-07,3.08528e-05
107,7SH6.pdb,A,136,SER,ASP,0.1642043182,0.3817990879,1.217,0.0124365366,0.0009466975,0.0462333246,0.3817990879,0.0192455915,0.0213641709,0.1595687815,2.46036e-05,0.008933156,2.85096e-05,0.0410484965,0.0060983232,0.0069617635,0.0021587261,1.51618e-05,0.1642043182,0.1274592897,0.0001570757,0.0006382769,0.0006781086
108,7SH6.pdb,A,137,LEU,LEU,0.9784613096,0.9784613096,0.0,4.833e-07,7.49e-08,0.0059128845,0.0056225728,8.34298e-05,0.0009091951,0.0006237136,6.8e-09,0.0002072524,7.1986e-06,0.9784613096,2.3897e-06,0.0079328638,0.0002081556,2.19e-08,4.411e-06,6.928e-07,9.658e-07,2.21393e-05,2.389e-07
109,7SH6.pdb,A,138,ASN,ASN,0.672856491,0.672856491,0.0,0.1316948204,0.0002171504,0.672856491,0.0404278898,0.0067003279,0.017192628,0.0091505508,3.6432e-06,0.0007668671,1.52515e-05,3.48349e-05,0.000110812,0.0004425493,1.8605e-06,9.024e-07,0.0751903738,0.0445491516,3.0932e-06,4.7375e-06,0.000636065
110,7SH6.pdb,A,139,GLY,GLY,0.9999887336,0.9999887336,0.0,3.2453e-06,1.097e-07,1.7392e-06,3.999e-07,7.52e-08,7.15e-08,8.65e-08,0.9999887336,4.36e-08,1e-10,9.7e-09,5.2e-08,6.5e-09,1.81e-08,1.7e-09,5.3911e-06,8.3e-09,1.4e-09,6.4e-09,2e-10
111,7SH6.pdb,A,140,THR,THR,0.6055098182,0.6055098182,0.0,0.0023908972,0.0017896742,0.0466133474,0.0546389944,0.0080132399,0.0360997804,0.0554923304,2.55297e-05,0.0001446285,0.0037367074,0.1030782081,0.0176229912,0.0048881396,5.69359e-05,3.0377e-05,0.0184950548,0.6055098182,3.03345e-05,6.39314e-05,0.0412790797
112,7SH6.pdb,A,141,SER,SER,0.6489024503,0.6489024503,0.0,0.095258669,0.0060411626,0.0013051934,0.0048745452,0.0020123343,0.0255879733,0.0921693165,0.0006362103,0.0027730571,0.0004228566,0.0009553786,0.0206935853,0.0020501263,0.0033063368,0.0846604649,0.6489024503,0.0038332699,0.0007100116,0.0013073584,0.0024996995
113,7SH6.pdb,A,142,SER,SER,0.7556274566,0.7556274566,0.0,0.023584875,0.0005238893,0.0013003274,0.004686409,0.0001855361,0.0006413863,0.0020250054,0.000154643,5.24745e-05,2.08419e-05,0.0002248968,0.001089195,6.55846e-05,1.60291e-05,2.41675e-05,0.7556274566,0.2096193081,6.1913e-06,1.4162e-05,0.0001376212
114,7SH6.pdb,A,143,SER,SER,0.9996030078,0.9996030078,0.0,0.00038775,0.0,1.392e-07,1.222e-07,3.2211e-06,1e-10,1e-10,2.53e-08,0.0,0.0,0.0,0.0,0.0,0.0,0.0,0.9996030078,5.734e-06,0.0,0.0,0.0
115,7SH6.pdb,A,144,PRO,PRO,0.9999990899,0.9999990899,0.0,5.27e-07,5e-10,5.1e-09,2.39e-08,3.3e-09,9.9e-09,3.04e-08,1.09e-08,1.1e-09,0.0,1e-10,2.1e-09,2e-10,0.0,0.9999990899,2.95e-07,4e-10,0.0,0.0,1e-10
116,7SH6.pdb,A,145,ILE,ILE,0.9999659297,0.9999659297,0.0,0.0,0.0,1e-10,0.0,1.9e-09,6e-10,1e-10,0.0,0.0,0.9999659297,1.574e-07,5e-10,1.566e-07,0.0,0.0,0.0,1.62e-08,0.0,0.0,3.37369e-05
117,7SH6.pdb,A,146,TYR,HIS,0.1849236593,0.4864874017,1.395,0.0001493589,0.0028059249,0.1730895553,0.0015120239,0.0013047073,0.0008856154,0.0008161588,4.3453e-06,0.4864874017,2.421e-07,3.04041e-05,0.0151278208,0.0002549969,0.1319108573,3.111e-07,0.0002722627,9.49869e-05,0.0003210097,0.1849236593,8.3576e-06
118,7SH6.pdb,A,147,GLY,GLY,0.9999578257,0.9999578257,0.0,7.515e-07,3.27e-08,3.58038e-05,3.575e-06,3.058e-07,1.115e-07,2.017e-07,0.9999578257,7.91e-08,2e-10,3.16e-08,2.28e-07,1.1e-08,1.35e-08,3.3e-09,1.0135e-06,4.6e-09,8e-10,6.2e-09,5e-10
119,7SH6.pdb,A,148,LYS,LYS,0.9951623639,0.9951623639,0.0,7e-10,0.002527265,1.106e-07,5.3e-09,2.28e-08,0.0002050358,4.1956e-06,3e-10,1.34242e-05,3.5769e-06,1.92679e-05,0.9951623639,0.0018686585,8.77135e-05,1e-09,1.9e-09,4.2e-09,2.1242e-06,0.0001061956,3.23e-08
120,7SH6.pdb,A,149,VAL,VAL,0.9997445199,0.9997445199,0.0,6.25e-08,0.0,3.2e-09,4e-10,1.26834e-05,0.0,2e-10,2e-10,0.0,0.0002415634,9.2e-09,1e-10,1.7e-09,0.0,1e-10,3.3e-09,1.1523e-06,0.0,0.0,0.9997445199
121,7SH6.pdb,A,150,ASP,ASP,0.9994429851,0.9994429851,0.0,6.8e-09,7e-10,0.0005383981,0.9994429851,4.9716e-06,1.5625e-06,1.15877e-05,1e-10,1.879e-07,2e-10,1e-09,1.2e-09,3.5e-08,3e-10,2e-10,2.257e-07,3.24e-08,0.0,2e-10,3.2e-09
122,7SH6.pdb,A,151,THR,THR,0.9897206166,0.9897206166,0.0,5.66862e-05,8.4202e-06,1.28688e-05,7.203e-06,0.0001089227,5.89487e-05,0.0002885939,2.838e-07,1.214e-07,0.0007945757,5.844e-07,1.14392e-05,9.6705e-06,2.59e-08,0.0067740663,0.0001349798,0.9897206166,1.28e-08,3.28e-08,0.0020119473
123,7SH6.pdb,A,152,ALA,ALA,0.3404824875,0.3404824875,0.0,0.3404824875,0.0143741247,0.0395990972,0.056113796,0.0009267028,0.0073579812,0.0341221127,0.3139116113,0.001748808,7.8848e-06,0.0007240271,0.0595147046,0.0005295369,0.0002927552,2.11727e-05,0.1238542568,0.0060770141,2.72805e-05,0.0002854405,2.92055e-05
124,7SH6.pdb,A,153,ARG,ARG,0.999941261,0.999941261,0.0,0.0,0.999941261,1e-10,0.0,0.0,1.66e-07,8e-10,0.0,1e-10,6e-10,1e-10,5.81763e-05,3.945e-07,0.0,0.0,0.0,0.0,3e-10,0.0,0.0
125,7SH6.pdb,A,154,MET,MET,0.4663138473,0.4663138473,0.0,2.9869e-06,0.0004364967,0.0043827992,8.69251e-05,3.49291e-05,0.4623448593,0.0559453677,8.69e-08,0.0002677613,4.6487e-06,0.0001585435,0.0098936337,0.4663138473,7.0819e-05,5.51e-08,1.7078e-06,2.10946e-05,3.2698e-06,2.93055e-05,8.629e-07
126,7SH6.pdb,A,155,GLY,GLY,0.9621974265,0.9621974265,0.0,0.0232621279,1.37e-08,1.353e-07,4.95e-08,0.0133060547,9.1e-09,1.17e-08,0.9621974265,8.4e-09,1e-10,9e-10,2.64e-08,2.52e-08,1.4e-09,8.8e-09,0.0012340813,1.71e-08,1e-10,5e-10,1.6e-09
127,7SH6.pdb,A,156,VAL,VAL,0.9984684314,0.9984684314,0.0,1.683e-07,1.2e-09,1.32e-08,1.3e-09,9.6026e-06,1.4e-09,2.4e-09,2e-10,2e-10,0.0014430423,8.1e-09,1.4e-09,8.2e-09,0.0,3e-10,7.4e-09,7.871e-05,0.0,1e-10,0.9984684314
128,7SH6.pdb,A,157,MET,MET,0.9995062951,0.9995062951,0.0,1.2269e-06,2.20455e-05,5.88e-08,3.18e-08,2.4889e-06,0.0001204988,3.5502e-06,3.36e-08,1.498e-07,6.8422e-06,4.9966e-05,0.0002430207,0.9995062951,1.813e-07,5.7e-09,2.696e-07,2.49e-07,4.25854e-05,2.735e-07,2.272e-07
129,7SH6.pdb,A,158,GLY,GLY,0.9999986072,0.9999986072,0.0,7.268e-07,4e-10,2.11e-08,3.2e-09,5.6e-09,5e-10,7e-10,0.9999986072,3e-10,0.0,1e-10,2e-10,1e-10,1e-10,3e-10,6.322e-07,1.3e-09,0.0,0.0,0.0
130,7SH6.pdb,A,159,TRP,TRP,0.4407560881,0.4407560881,0.0,1.2e-09,0.0002798958,6.95e-07,3.07e-07,6.93e-08,2.81608e-05,1.1782e-06,4e-10,0.0162338238,2.9e-09,2.0514e-06,0.0010157828,0.0002410495,0.2435912488,4e-10,2.9e-09,1.8e-09,0.4407560881,0.2978496355,4.2e-09
131,7SH6.pdb,A,160,SER,SER,0.7519198573,0.7519198573,0.0,0.2459192589,2.071e-07,2.17296e-05,0.0001544221,0.001477589,1.2586e-06,2.1609e-06,0.0003327838,1.8823e-06,8.09e-08,1.11e-07,1.457e-07,3.187e-07,6.07e-08,9.091e-07,0.7519198573,0.0001647433,1.59e-08,8.09e-08,2.3841e-06
132,7SH6.pdb,A,161,MET,MET,0.8285707721,0.8285707721,0.0,0.0004829215,0.0002456918,0.0001118442,2.04292e-05,0.0005457682,0.1652251493,0.0012320584,3.3265e-06,7.25231e-05,1.87449e-05,0.0006041594,0.0015390134,0.8285707721,1.57779e-05,1.46257e-05,0.0001259303,0.0011547242,3.9654e-06,4.7551e-06,7.8194e-06
133,7SH6.pdb,A,162,GLY,GLY,0.9999999994,0.9999999994,0.0,3e-10,0.0,0.0,0.0,0.0,0.0,0.0,0.9999999994,0.0,0.0,0.0,0.0,0.0,0.0,0.0,2e-10,0.0,0.0,0.0,0.0
134,7SH6.pdb,A,163,GLY,GLY,0.9998072914,0.9998072914,0.0,0.0001835179,1.3e-09,7.8e-09,1.5e-08,7.9e-08,1.4e-09,4e-09,0.9998072914,5e-10,0.0,2e-10,1e-09,3e-10,2e-10,1.4e-09,9.0765e-06,1.9e-09,0.0,1e-10,0.0
135,7SH6.pdb,A,164,GLY,GLY,0.9999951085,0.9999951085,0.0,2.7194e-06,4e-10,2.2e-09,5.3e-09,2.085e-07,3e-10,4e-10,0.9999951085,1e-10,0.0,1e-10,3e-10,3e-10,1e-10,9e-10,1.9502e-06,2.7e-09,0.0,1e-10,1e-10
136,7SH6.pdb,A,165,GLY,ALA,0.3849694324,0.5970660018,0.633,0.5970660018,1.58e-08,1.739e-07,6.72e-08,5.6061e-06,6.7e-09,7.7e-09,0.3849694324,2.3e-09,3e-10,2.2e-09,1.22e-08,4.5e-09,1.3e-09,1.26e-06,0.0179568285,5.684e-07,1e-10,4e-10,8.1e-09
137,7SH6.pdb,A,166,SER,SER,0.3766883577,0.3766883577,0.0,0.2884485969,7.888e-07,2.7324e-06,7.7117e-06,0.0012763906,3.2014e-06,1.42071e-05,0.0003857758,7.891e-07,2.909e-07,4.293e-07,5.199e-07,4.6496e-06,9.94e-08,2.67016e-05,0.3766883577,0.3331219036,1.71e-08,7.92e-08,1.67579e-05
138,7SH6.pdb,A,167,LEU,LEU,0.9839162088,0.9839162088,0.0,7.1e-09,1.6e-09,1.625e-07,2.131e-07,3.68616e-05,1.2879e-06,7.021e-07,2e-10,8.49e-08,1.1393e-06,0.9839162088,2.01e-08,0.0160431363,9.73e-08,5e-10,3.55e-08,1.49e-08,4e-10,4.8e-09,2.13e-08
139,7SH6.pdb,A,168,ILE,VAL,0.3609040993,0.6352799562,0.816,2.545e-07,3.75e-08,5.6019e-06,8.412e-06,1.18969e-05,6.4231e-06,4.0792e-06,7.7e-09,1.37e-08,0.3609040993,0.002391643,6.15e-08,7.849e-07,6e-10,1.4e-08,7.386e-07,0.0013859738,9e-10,8e-10,0.6352799562
140,7SH6.pdb,A,169,SER,ALA,0.0300956655,0.9698739316,5.01,0.9698739316,3.1e-09,2.38e-08,1.96e-08,2.68017e-05,6.4e-09,4.4e-09,1.6498e-06,8.7e-09,0.0,3e-10,3.8e-09,6.4e-09,6e-10,5.68e-08,0.0300956655,1.8142e-06,1e-10,4e-10,2.7e-09
141,7SH6.pdb,A,170,ALA,ALA,0.9995959245,0.9995959245,0.0,0.9995959245,2.15e-08,3.79e-08,7.87e-08,6.145e-06,1.761e-07,1.987e-07,8.6559e-06,3.76e-08,4.77e-08,5.622e-07,1.302e-07,4.1046e-06,1.67e-08,1.9067e-06,0.0003808842,7.778e-07,1e-09,1.1e-08,2.819e-07
142,7SH6.pdb,A,171,ALA,ALA,0.7869032553,0.7869032553,0.0,0.7869032553,3.85484e-05,0.0001482009,0.0001056677,0.0001017588,0.0046789701,0.0054540068,1.59482e-05,4.4342e-06,5.4641e-06,2.69403e-05,0.0005097601,0.0002054682,2.786e-07,2.6915e-06,0.1985056234,0.0032545255,1.126e-07,8.406e-07,3.75047e-05
143,7SH6.pdb,A,172,ASN,ASN,0.6428654905,0.6428654905,0.0,0.0055816127,0.0033776639,0.6428654905,0.1885612052,0.0055586717,0.0134676612,0.0950353352,6.86807e-05,0.0002501775,1.28491e-05,0.000335325,0.0241562131,0.0012189759,9.3483e-06,6.9433e-06,0.0103732486,0.0089715584,6.8172e-06,1.30111e-05,0.0001292113
144,7SH6.pdb,A,173,ASN,HIS,0.4923990418,0.5039930231,0.034,8.3328e-06,5.58259e-05,0.4923990418,0.0013260502,0.0001834964,0.000263043,0.0003674432,2.532e-07,0.5039930231,1.911e-07,1.9127e-06,0.0004326238,1.58333e-05,0.0002103612,9.32e-08,0.0002790936,7.42212e-05,3.9201e-06,0.0003840605,1.1798e-06
145,7SH6.pdb,A,174,PRO,PRO,0.9999996023,0.9999996023,0.0,7.85e-08,1.5e-09,3.17e-08,4.6e-09,5e-10,3.3e-09,1.4e-09,7.12e-08,8e-10,0.0,1e-10,6e-10,0.0,0.0,0.9999996023,1.799e-07,2.35e-08,0.0,0.0,1e-10
146,7SH6.pdb,A,175,SER,LYS,0.0692590013,0.213881878,1.627,0.2075993307,0.0476638909,0.0368177272,0.1966120784,0.0033559539,0.0281103107,0.1660131722,0.0049814199,0.0033924719,4.51919e-05,0.0121702557,0.213881878,0.005649078,0.0008165392,3.76518e-05,0.0692590013,0.0025985993,8.80295e-05,0.0006532285,0.0002541909
147,7SH6.pdb,A,176,LEU,LEU,0.9994814813,0.9994814813,0.0,5.41e-08,1.276e-07,2.1851e-06,3.02e-08,7.131e-07,1.0849e-06,2.695e-07,8.1e-09,6.273e-07,0.0002642174,0.9994814813,1.943e-07,0.0002464757,2.703e-07,1.4e-09,1.11e-08,3.686e-07,1.1e-09,8.4e-09,1.8704e-06
148,7SH6.pdb,A,177,LYS,LYS,0.5509845104,0.5509845104,0.0,1.381e-07,0.4275794375,0.000281476,2.38831e-05,9.3795e-06,0.0011409669,0.000137793,1.59e-08,0.0035589764,1.535e-07,9.87057e-05,0.5509845104,0.0158948494,0.0001598881,3.8e-08,6.252e-07,5.401e-07,5.20465e-05,7.63561e-05,2.205e-07
149,7SH6.pdb,A,178,ALA,ALA,0.9196023196,0.9196023196,0.0,0.9196023196,6.872e-07,0.0001670252,6.86969e-05,0.0066925944,5.5764e-06,8.5584e-06,8.9511e-06,2.5978e-06,5.34e-08,1.711e-07,2.3075e-06,8.3012e-06,2.404e-07,4.903e-07,0.0733803497,4.6203e-05,1.66e-08,9.89e-08,4.7608e-06
150,7SH6.pdb,A,179,ALA,ALA,0.8970355731,0.8970355731,0.0,0.8970355731,2.1339e-06,0.000359766,1.74597e-05,0.0201160324,9.20086e-05,1.98369e-05,1.09737e-05,7.2708e-06,0.0002420891,0.0004736305,1.03549e-05,0.0004342336,3.689e-07,7.46e-07,0.0687023068,0.0088927322,4.33e-08,5.012e-07,0.0035819384
151,7SH6.pdb,A,180,ALA,ALA,0.9974135354,0.9974135354,0.0,0.9974135354,1.001e-07,1.024e-07,1.168e-07,0.0001525532,2.1321e-06,4.515e-07,2.07212e-05,9.99e-08,4.1e-08,3.9e-08,3.581e-07,4.1772e-06,1.02e-08,1.009e-07,0.0023911867,1.29829e-05,1.3e-09,1.02e-08,1.2801e-06
152,7SH6.pdb,A,181,PRO,PRO,0.9999998001,0.9999998001,0.0,5.78e-08,0.0,9e-10,2e-10,2.49e-08,1e-09,9.8e-09,4e-10,0.0,1e-10,0.0,0.0,1e-10,0.0,0.9999998001,5.48e-08,1.95e-08,0.0,0.0,3.05e-08
153,7SH6.pdb,A,182,GLN,GLN,0.5715175943,0.5715175943,0.0,0.0002677441,0.000365346,0.0082148963,0.0283877281,0.0011789646,0.5715175943,0.2096480805,3.483e-06,0.0236789413,0.0001728472,0.0012914525,0.0003500376,0.127921786,0.0136595811,5.6294e-06,0.0021198549,0.0004869301,0.0057322036,0.0046627586,0.0003341408
154,7SH6.pdb,A,183,ALA,SER,0.4514578491,0.4652271573,0.043,0.4514578491,7.7919e-06,0.007478258,0.0026667579,0.0301973999,0.0086987527,0.0015290154,0.0001149917,4.84407e-05,6.7255e-06,1.23965e-05,4.0022e-06,0.0006336231,6.479e-07,4.56627e-05,0.4652271573,0.0307085737,2.851e-07,1.4144e-06,0.0011602543
155,7SH6.pdb,A,184,PRO,PRO,0.9999993422,0.9999993422,0.0,1.961e-07,1e-10,3.8e-09,8e-10,3.93e-08,4e-10,1.7e-09,6.2e-09,0.0,2.3e-09,7e-10,1e-10,2e-10,0.0,0.9999993422,7.5e-08,1.309e-07,0.0,0.0,2.003e-07
156,7SH6.pdb,A,185,TRP,TYR,0.1311758452,0.5274598814,2.008,3.8666e-06,0.0431271294,0.0010015614,9.43199e-05,4.44393e-05,0.0173994436,0.0010414586,1.1604e-06,0.0154367033,4.6157e-06,0.0269100771,0.0136137074,0.0207237509,0.2018972519,9.364e-07,3.5605e-05,1.74196e-05,0.1311758452,0.5274598814,1.08269e-05
157,7SH6.pdb,A,186,HIS,HIS,0.8067898676,0.8067898676,0.0,8.14e-08,0.0012047098,0.0016738562,2.86191e-05,7.04996e-05,0.0349000332,0.0407161577,8.9e-09,0.8067898676,1.715e-07,2.4729e-06,0.0026177777,0.0094676332,0.0541094808,1.36e-08,1.9974e-06,3.55e-08,0.0001906028,0.0482259638,1.74e-08
158,7SH6.pdb,A,187,SER,ALA,0.275382212,0.4952803403,0.847,0.4952803403,0.0054061292,0.0278331348,0.0464647601,0.0064418644,0.0210794942,0.0304709764,0.0522772291,0.0058149135,0.0016906542,0.0051007383,0.0097959056,0.0027537978,0.0027327377,0.0028194127,0.275382212,0.0040034785,0.0002286915,0.0013224109,0.0031011189
159,7SH6.pdb,A,188,SER,SER,0.9982976281,0.9982976281,0.0,0.0005366058,8.757e-07,2.03541e-05,0.0001344191,0.0001810165,1.2016e-06,3.0506e-06,1.796e-06,1.191e-07,1.01e-08,1.559e-07,9.302e-07,1.762e-07,1.85e-08,8.59e-08,0.9982976281,0.0008212405,6.9e-09,2.22e-08,2.869e-07
160,7SH6.pdb,A,189,THR,THR,0.9298706412,0.9298706412,0.0,0.0001779092,3.3229e-06,0.042781962,0.0005489486,0.0112217689,3.18792e-05,2.7807e-06,1.787e-07,1.8259e-06,6.9124e-06,9.6813e-06,5.2617e-06,8.6289e-06,2.84e-08,2.4455e-06,0.0141908484,0.9298706412,6e-09,2.85e-08,0.0011349414
161,7SH6.pdb,A,190,ASN,ASP,0.0900256659,0.9092521694,3.336,1.3978e-06,4.5267e-06,0.0900256659,0.9092521694,1.60586e-05,3.08939e-05,0.0005503981,1.104e-07,1.364e-06,2.102e-07,2.5157e-06,1.10013e-05,1.9628e-06,6.07e-08,2.2e-08,8.90029e-05,1.04596e-05,5.3e-08,3.66e-08,2.0905e-06
162,7SH6.pdb,A,191,PHE,PHE,0.9983549327,0.9983549327,0.0,4e-10,2.25e-08,1.875e-07,8.7e-09,3.17e-08,4.761e-07,4.15e-08,2e-10,0.0001013979,3.67e-08,3.81e-07,5.737e-07,3.10475e-05,0.9983549327,6e-10,6e-10,6.9e-09,0.0001541289,0.0013567129,1.2e-08
163,7SH6.pdb,A,192,SER,SER,0.983232807,0.983232807,0.0,0.0024730796,4.9505e-06,6.64074e-05,0.0001105978,0.0001727255,8.302e-06,2.91831e-05,4.09774e-05,3.388e-06,8.45e-08,8.78e-08,1.00851e-05,4.906e-07,1.297e-07,2.93909e-05,0.983232807,0.0138130062,2.37e-08,3.017e-07,3.9814e-06
164,7SH6.pdb,A,193,SER,ASP,0.270233185,0.2762192182,0.032,0.1482502203,0.0046311671,0.0200203231,0.2762192182,0.0031347345,0.0115526212,0.044504142,0.0002547106,0.0018412282,5.29134e-05,0.0016312577,0.0218664969,0.0012475495,0.0001263074,0.0004649962,0.270233185,0.1928825608,3.8645e-05,0.0002073551,0.0008403676
165,7SH6.pdb,A,194,VAL,ILE,0.1702874506,0.8214831838,2.27,1.0528e-06,8.00737e-05,0.0051022274,1.63138e-05,0.0001410577,2.80443e-05,4.622e-06,6.44e-08,3.4369e-06,0.8214831838,0.00224748,4.11249e-05,0.0003114059,8.15e-08,2.315e-07,1.513e-06,0.0002503482,1.111e-07,1.768e-07,0.1702874506
166,7SH6.pdb,A,195,THR,THR,0.7034126587,0.7034126587,0.0,0.064669109,2.1695e-05,0.0002859367,0.0001102154,0.0182862841,4.20198e-05,4.30006e-05,0.0002746805,3.532e-07,9.68352e-05,7.077e-07,3.44841e-05,1.22628e-05,2.145e-07,1.8357e-06,0.198165936,0.7034126587,6.23e-08,1.084e-07,0.0145416004
167,7SH6.pdb,A,196,VAL,VAL,0.9976964257,0.9976964257,0.0,1.0757e-06,1.42e-08,5.027e-07,3.07e-08,1.25416e-05,1.74e-08,1.49e-08,1.3e-09,3e-10,0.0021458636,3.78e-08,3.4e-09,8.8e-09,0.0,9.9e-09,1.766e-07,0.0001432748,4e-10,1e-10,0.9976964257
168,7SH6.pdb,A,197,PRO,PRO,0.9999959712,0.9999959712,0.0,3.7978e-06,0.0,2.6e-09,1.01e-08,1.1e-09,3.8e-09,7.7e-09,1e-09,1e-10,0.0,0.0,1e-10,1e-10,0.0,0.9999959712,2.035e-07,9e-10,0.0,0.0,0.0
169,7SH6.pdb,A,198,THR,THR,0.9971367026,0.9971367026,0.0,2.75393e-05,5.6e-09,3.9557e-06,3.843e-07,0.0007889408,9.54e-08,8.26e-08,1.5e-08,1.38e-08,1.46372e-05,2.421e-07,1.59e-08,4.741e-07,2.7e-09,1.15e-08,6.24886e-05,0.9971367026,1e-10,9e-10,0.001964392
170,7SH6.pdb,A,199,LEU,LEU,0.9984633451,0.9984633451,0.0,6.064e-07,4.198e-07,5.7424e-06,4.541e-07,1.55785e-05,8.19581e-05,2.9312e-06,3.48e-08,0.0006739165,3.51292e-05,0.9984633451,6.8662e-06,0.0007030944,6.367e-06,1.08e-08,1.9256e-06,3.253e-07,8.76e-08,6.374e-07,5.697e-07
171,7SH6.pdb,A,200,ILE,ILE,0.9425363219,0.9425363219,0.0,8.62e-08,4.5e-09,4.608e-07,5.78e-08,3.5414e-06,2.62e-08,1.014e-07,4.1e-09,2.88e-08,0.9425363219,0.0019453562,2.38e-08,7.547e-07,1.37e-08,2.19e-08,5.19e-08,1.50536e-05,5e-10,2.2e-09,0.0554980884
172,7SH6.pdb,A,201,PHE,PHE,0.9113844818,0.9113844818,0.0,2.588e-07,1.8714e-06,1.3519e-06,3.935e-07,2.176e-06,6.7946e-06,1.4034e-06,1.316e-07,9.95891e-05,0.0035416238,0.0668494802,4.0996e-06,0.0059482634,0.9113844818,5.58e-08,3.42e-07,9.343e-07,0.0012433418,0.0108990244,1.43827e-05
173,7SH6.pdb,A,202,ALA,ALA,0.9181935378,0.9181935378,0.0,0.9181935378,2.51e-08,1.2376e-06,1.8071e-06,3.4381e-05,1.044e-07,1.069e-07,6.21439e-05,4.27e-07,1.9e-09,8e-10,3.74e-08,1.88e-08,1.51e-08,1.303e-07,0.0817026893,3.2187e-06,1.1e-09,1.59e-08,1e-07
174,7SH6.pdb,A,203,CYS,CYS,0.9757153715,0.9757153715,0.0,0.0212207074,6.6e-09,3.69039e-05,6.274e-07,0.9757153715,1.68e-07,2.83e-08,2.9636e-06,3.0946e-06,1.12e-08,3.16e-08,6.6e-09,3.10112e-05,2.239e-07,1.4343e-06,0.002927505,5.70321e-05,1.4e-09,1.69e-08,2.8544e-06
175,7SH6.pdb,A,204,GLU,GLU,0.9260984872,0.9260984872,0.0,1.2322e-05,5.635e-07,0.0011932085,0.0624615184,9.09375e-05,0.0098258874,0.9260984872,2.7e-09,4.51595e-05,4.65e-08,1.4807e-06,2.13068e-05,9.76123e-05,9.14e-08,3.6e-09,0.0001494223,1.7089e-06,4.6e-08,7.83e-08,1.165e-07
176,7SH6.pdb,A,205,ASN,ASN,0.2949144693,0.2949144693,0.0,0.0011048611,0.0321221472,0.2949144693,0.0833145161,0.0055236789,0.1244430468,0.0622030655,0.0001035353,0.0149616249,0.003032271,0.0075949338,0.2761508727,0.0123769907,0.0005888838,4.29868e-05,0.0215318167,0.0424136258,0.0001079452,0.0005554594,0.0169132689
177,7SH6.pdb,A,206,ASP,ASP,0.9924276246,0.9924276246,0.0,0.0026971855,7e-09,0.0009633335,0.9924276246,0.0002877406,1.8022e-06,1.73602e-05,4.85566e-05,1.516e-07,3.1e-09,5e-09,1.8e-09,5.62e-08,1.3e-09,2.638e-07,0.0035538507,1.9973e-06,1.1e-09,1.3e-09,5.66e-08
178,7SH6.pdb,A,207,SER,ASP,0.2201893719,0.335423574,0.607,0.1137115695,0.0283985321,0.085704625,0.335423574,0.0100699787,0.009934228,0.0493097085,0.0005671762,0.0058013284,0.0009327693,0.0018058225,0.0135912931,0.0028572743,0.0009542838,0.0003539962,0.2201893719,0.1122497038,0.0002590938,0.0009594529,0.0069262182
179,7SH6.pdb,A,208,ILE,THR,0.0199291899,0.6865640099,5.106,0.0099148472,0.000604875,0.0020416838,0.0008720614,0.0015315753,0.0034032899,0.0074789618,0.0001357226,6.494e-06,0.0199291899,2.57922e-05,0.0008151579,0.0005942338,3.3832e-06,4.2009e-05,0.0142382502,0.6865640099,3.6399e-06,2.7701e-06,0.2517920529
180,7SH6.pdb,A,209,ALA,ALA,0.7380698696,0.7380698696,0.0,0.7380698696,1.26446e-05,0.0030810009,0.0001163716,0.0097117846,5.73175e-05,1.75595e-05,2.8915e-05,2.35282e-05,4.5194e-06,1.01e-05,6.5454e-06,4.08185e-05,9.092e-07,8.6574e-06,0.2458755747,0.0028355024,2.136e-07,6.47e-07,9.75208e-05
181,7SH6.pdb,A,210,PRO,PRO,0.9996814417,0.9996814417,0.0,0.0002812217,8.627e-07,9.43e-07,1.0774e-06,3.471e-07,1.7885e-06,7.0248e-06,1.55464e-05,2.048e-07,2.67e-08,1.132e-07,1.6146e-06,2.141e-07,1.76e-08,0.9996814417,4.7607e-06,2.5492e-06,2.8e-09,1.2e-08,2.308e-07
182,7SH6.pdb,A,211,VAL,VAL,0.8936955901,0.8936955901,0.0,1.80357e-05,1.72142e-05,0.0855409438,0.0001549662,0.000218566,8.0579e-05,1.64063e-05,9.26e-08,8.15964e-05,0.0059837871,4.8004e-06,1.64784e-05,0.000337159,3.1793e-06,4.13e-07,7.8114e-05,0.0137427232,8.319e-07,8.5233e-06,0.8936955901
183,7SH6.pdb,A,212,ASN,ASP,0.0646363786,0.4060885677,2.651,0.2499295186,0.0182103654,0.0646363786,0.4060885677,0.0013295162,0.0064927284,0.0353550694,0.0054228058,0.0019508057,0.0001004255,0.0037304534,0.0543473854,0.0015011826,0.0006490968,8.45943e-05,0.1422087381,0.0068792756,0.0001166191,0.000437269,0.0005292045
184,7SH6.pdb,A,213,SER,SER,0.9033380938,0.9033380938,0.0,0.006698383,0.0004166896,0.0011652173,0.0008456716,0.0017264419,0.000615099,0.0026287346,3.12988e-05,9.5863e-06,0.000284679,5.36383e-05,0.0011352021,8.47111e-05,4.8863e-06,4.4251e-06,0.9033380938,0.0744851246,1.2376e-06,5.5198e-06,0.0064653601
185,7SH6.pdb,A,214,SER,SER,0.3318737592,0.3318737592,0.0,0.0454086569,1.50117e-05,0.1397473008,0.0313077588,0.1235358188,0.0098830798,0.0073062877,0.0001894897,0.0013915461,3.80469e-05,2.14476e-05,6.92063e-05,0.0006584074,9.9867e-06,4.69602e-05,0.3318737592,0.3065222922,1.4581e-06,8.1765e-06,0.0019653087
186,7SH6.pdb,A,215,ALA,ALA,0.9854106608,0.9854106608,0.0,0.9854106608,5.48e-08,9.24e-08,8.554e-07,1.80733e-05,5.183e-07,7.906e-07,4.74675e-05,1.49e-07,6e-10,4.4e-09,3.542e-07,1.203e-07,7.2e-09,7.572e-07,0.0145099572,1.01084e-05,1.1e-09,7.3e-09,1.98e-08
187,7SH6.pdb,A,216,LEU,LEU,0.9996519393,0.9996519393,0.0,6.77e-08,2.98886e-05,7.596e-07,5.28e-08,2.263e-07,1.54182e-05,2.2575e-06,6e-10,1.19e-07,7.36496e-05,0.9996519393,9.51235e-05,0.0001279358,1.9e-08,2.1e-09,3.225e-07,1.2489e-06,5e-09,1.7e-08,9.468e-07
188,7SH6.pdb,A,217,PRO,PRO,0.9999999987,0.9999999987,0.0,3e-10,0.0,1e-10,2e-10,0.0,1e-10,0.0,0.0,0.0,0.0,0.0,0.0,0.0,0.0,0.9999999987,3e-10,2e-10,0.0,0.0,0.0
189,7SH6.pdb,A,218,ILE,ILE,0.9698471918,0.9698471918,0.0,1.06217e-05,9.44e-08,1.1022e-06,1.939e-07,7.1699e-05,7.14709e-05,9.5038e-06,5.74e-08,9.775e-07,0.9698471918,3.15794e-05,8.7833e-06,0.0260106677,1.36971e-05,1.663e-07,2.24e-07,6.43022e-05,2.91e-08,2.4026e-06,0.0038552356
190,7SH6.pdb,A,219,TYR,PHE,0.2021197254,0.7975295468,1.98,0.0,5.1e-09,1.6e-09,0.0,2e-10,2.3e-09,7e-10,0.0,0.0001155151,0.0,1.4e-09,7.7e-09,3.08e-07,0.7975295468,0.0,0.0,0.0,0.0002348858,0.2021197254,0.0
191,7SH6.pdb,A,220,ASP,GLU,0.1555236686,0.5895958962,1.923,4.6077e-06,4.92978e-05,0.2245319195,0.1555236686,0.000366094,0.0220256119,0.5895958962,1.369e-07,0.0013420118,0.0001449256,0.0021505087,0.0007008725,0.0033417713,4.65068e-05,3.671e-07,4.30929e-05,5.82026e-05,2.806e-06,3.2715e-05,3.89871e-05
192,7SH6.pdb,A,221,SER,SER,0.8549667218,0.8549667218,0.0,0.14483708,3.01e-08,1.6647e-06,6.07013e-05,3.532e-05,9.695e-07,2.2053e-06,1.94597e-05,2.5e-09,6.9e-09,1.6e-09,4.77e-08,5.81e-08,5e-10,3.52e-08,0.8549667218,7.56336e-05,1e-10,6e-10,6.07e-08
193,7SH6.pdb,A,222,MET,MET,0.9970460758,0.9970460758,0.0,1.01e-08,3.2e-08,2.749e-07,3.91e-08,5.9834e-06,0.0022772851,8.15005e-05,5e-10,9.13e-08,3.7919e-05,0.0005419991,8.4187e-06,0.9970460758,1.153e-07,1.9e-09,1.27e-08,3.03e-08,5.08e-08,2.35e-08,1.359e-07
194,7SH6.pdb,A,223,SER,THR,0.0558780944,0.9315812276,4.059,0.0012253452,0.0003800003,0.0006669162,0.0010524828,0.0005818728,0.000201934,0.0003245865,2.64873e-05,4.9026e-06,0.0001299029,1.8039e-05,0.0004252422,3.47844e-05,1.4647e-06,0.0003970852,0.0558780944,0.9315812276,7.346e-07,2.7946e-06,0.0070661027
195,7SH6.pdb,A,224,GLN,LYS,0.0823875685,0.867627389,3.397,1.2543e-06,0.02849243,0.0005415639,3.03667e-05,2.8418e-06,0.0823875685,0.0031278581,8.32e-08,0.0018386086,2.7448e-06,0.0090973028,0.867627389,0.0048429418,0.0004707109,2.221e-07,1.2798e-06,5.714e-07,0.0008197123,0.0007143917,1.582e-07
196,7SH6.pdb,A,225,ASN,CYS,0.1659149805,0.5973528797,1.848,0.009898821,0.000313482,0.1659149805,1.76253e-05,0.5973528797,0.0005652454,1.15368e-05,1.31e-05,6.2448e-06,6.3508e-06,1.16224e-05,1.7979e-06,8.63952e-05,5.75e-08,4.4796e-06,0.0756936773,0.1495792023,1.76e-08,1.33e-08,0.0005224707
197,7SH6.pdb,A,226,ALA,PRO,0.2909653328,0.4643536371,0.674,0.2909653328,1.31622e-05,6.5193e-05,0.0003250575,0.0012659085,1.8862e-05,4.42158e-05,8.05225e-05,3.96584e-05,6.599e-07,1.398e-07,6.79713e-05,1.05094e-05,7.295e-07,0.4643536371,0.2398013539,0.002898445,1.167e-07,1.6381e-06,4.68867e-05
198,7SH6.pdb,A,227,LYS,LYS,0.9501851508,0.9501851508,0.0,4e-10,0.0495290157,1.21e-08,2e-10,2.4e-09,0.00021804,2.472e-06,0.0,2.129e-07,1.34e-08,5.65e-08,0.9501851508,6.50132e-05,4e-10,0.0,3.8e-09,1e-09,1.5e-09,3.3e-09,1e-10
199,7SH6.pdb,A,228,GLN,GLN,0.5589447832,0.5589447832,0.0,0.0010246281,6.56826e-05,0.0001707744,1.83324e-05,0.0043083974,0.5589447832,0.0665952977,0.000183737,5.96212e-05,2.26602e-05,0.0091221625,0.0004458508,0.3542176574,2.0026e-06,4.206e-07,0.0045423969,0.000261569,2.855e-07,3.7623e-06,9.9784e-06
200,7SH6.pdb,A,229,PHE,PHE,0.7086659521,0.7086659521,0.0,7e-10,1.08e-08,4.8e-09,1.4e-09,3.64e-08,1.69e-08,9.4e-09,1e-10,1.2521e-05,3e-10,5.5521e-06,4.79e-08,3.94857e-05,0.7086659521,0.0,5.2e-09,0.0,1.2364e-05,0.2912639911,1e-10
201,7SH6.pdb,A,230,LEU,LEU,0.7141306019,0.7141306019,0.0,3.448e-07,4.95e-08,4.858e-07,6.44e-08,9.1122e-06,8.631e-07,5.256e-07,1.23e-08,2.919e-07,0.2524573079,0.7141306019,1.428e-07,5.0685e-05,1.803e-07,1.17e-08,6.1e-08,9.7741e-06,5.4e-09,7.31e-08,0.0333394072
202,7SH6.pdb,A,231,GLU,GLN,0.1899286755,0.7920010675,2.06,6.63e-07,1.35893e-05,1.6675e-05,2.845e-07,0.0003643328,0.7920010675,0.1899286755,1.3e-09,2.06e-08,7.56e-08,0.0001628486,0.0002446519,0.0172497692,4e-10,7e-10,1.66992e-05,6.069e-07,2.7e-09,7e-10,3.47e-08
203,7SH6.pdb,A,232,ILE,ILE,0.9046153423,0.9046153423,0.0,4.591e-07,6.58e-08,2.7993e-06,4.588e-07,6.5989e-06,2.2301e-06,3.0262e-06,1.97e-08,2.2271e-06,0.9046153423,0.0834525538,5.521e-07,0.0003557392,1.71009e-05,4.11e-08,4.62e-07,3.87391e-05,2.9e-08,7.033e-07,0.0115008522
204,7SH6.pdb,A,233,LYS,ARG,0.3553161261,0.6399275929,0.849,4.9009e-05,0.6399275929,4.081e-07,8.64e-08,8.31e-08,0.0033924013,0.0011965928,3.4e-08,4.571e-07,7.79e-08,2.5623e-06,0.3553161261,0.0001110828,8.77e-08,1.09e-08,1.4766e-06,1.024e-07,1.4492e-06,3.28e-07,3.13e-08
205,7SH6.pdb,A,234,GLY,GLY,0.9999998569,0.9999998569,0.0,4.86e-08,4e-10,2.09e-08,2.14e-08,1.4e-09,1.6e-09,2.2e-09,0.9999998569,3e-10,0.0,2e-10,1.5e-09,1e-10,2e-10,1e-10,4.41e-08,1e-10,0.0,1e-10,0.0
206,7SH6.pdb,A,235,GLY,GLY,0.9999999711,0.9999999711,0.0,7.3e-09,0.0,0.0,0.0,2.09e-08,0.0,0.0,0.9999999711,0.0,0.0,0.0,0.0,0.0,0.0,0.0,8e-10,0.0,0.0,0.0,0.0
207,7SH6.pdb,A,236,SER,SER,0.6640164085,0.6640164085,0.0,0.2034060314,0.0032575379,0.0049055633,0.014262491,0.0035181057,0.0069707828,0.0057261934,0.0001369222,7.57096e-05,0.0001973021,0.0004864586,0.0076930955,0.0005361374,1.59112e-05,0.0002946001,0.6640164085,0.0780847635,6.6715e-06,1.77613e-05,0.0063915529
208,7SH6.pdb,A,237,HIS,HIS,0.9562391438,0.9562391438,0.0,0.0007125962,7.997e-07,0.0366773483,0.0007803124,0.0018275972,3.8531e-05,0.000505419,2.00578e-05,0.9562391438,2.406e-07,4.96e-08,1.0706e-06,1.43646e-05,2.019e-05,0.0003432297,0.0021449168,0.0005154076,1.4195e-06,0.0001511787,6.1269e-06
209,7SH6.pdb,A,238,SER,ALA,0.1971570698,0.784567774,1.993,0.784567774,3.327e-06,0.000451773,0.0008060238,0.0001601689,8.5586e-06,1.06877e-05,0.0167782431,8.827e-07,1.72e-08,3.983e-07,6.4402e-06,1.3494e-06,7.36e-08,1.725e-07,0.1971570698,4.68402e-05,1.96e-08,4.14e-08,1.391e-07
210,7SH6.pdb,A,239,CYS,CYS,0.9884144769,0.9884144769,0.0,0.0107605468,1.34e-08,3.1061e-06,3.075e-07,0.9884144769,1.852e-07,1.93e-07,2.6587e-06,1.922e-07,4.59e-08,3.53e-08,1.39e-08,2.7414e-06,3.78e-08,3.42e-08,0.0008123301,2e-06,3.4e-09,4e-09,1.0742e-06
211,7SH6.pdb,A,240,ALA,CYS,0.2585701473,0.3423674889,0.405,0.2585701473,0.0007473528,0.0355310484,0.0030339235,0.3423674889,0.0471737585,0.0129614963,9.41424e-05,0.0068975266,0.0003389487,0.0012372377,0.0020468971,0.0061438563,0.0001927625,0.0001229835,0.029201447,0.2489447939,7.29351e-05,0.0001652691,0.0041559843
212,7SH6.pdb,A,241,ASN,ASN,0.4225015703,0.4225015703,0.0,0.016080084,5.4081e-06,0.4225015703,0.0449252105,0.1778032924,4.54101e-05,9.00875e-05,0.3165414436,4.1391e-06,1.14939e-05,3.53989e-05,1.8942e-06,2.93928e-05,1.529e-07,5.3489e-06,0.0139051081,0.0073461885,1.528e-07,1.513e-07,0.0006680723
213,7SH6.pdb,A,242,SER,SER,0.5288242769,0.5288242769,0.0,0.4461903503,4.182e-07,9.54467e-05,0.0002851275,0.0001791965,2.88153e-05,5.27904e-05,0.00169043,4.132e-07,2.451e-07,2.4707e-06,5.643e-07,6.643e-07,5.68e-08,1.7233e-06,0.5288242769,0.0226340698,1.29e-08,7.8e-08,1.28499e-05
214,7SH6.pdb,A,243,GLY,GLY,0.9999973913,0.9999973913,0.0,8.77e-07,7.2e-09,3.345e-07,2.58e-07,9.1e-09,6.3e-09,1.38e-08,0.9999973913,1.6e-09,0.0,1.2e-09,8.8e-09,7e-10,1e-09,3e-10,1.0872e-06,1.6e-09,1e-10,3e-10,0.0
215,7SH6.pdb,A,244,ASN,ASN,0.8713125,0.8713125,0.0,2.92153e-05,2.7017e-06,0.8713125,8.09862e-05,0.1038428476,0.0003060844,4.05734e-05,2.1755e-06,8.19998e-05,3.1109e-06,7.22666e-05,3.675e-07,0.0002532871,2.384e-07,6.6378e-06,0.0002323948,0.0237294326,1.11e-08,2.87e-08,3.1407e-06
216,7SH6.pdb,A,245,SER,ASP,0.1972852051,0.2069887562,0.069,0.0309280383,0.0269257947,0.1234570402,0.2069887562,0.002165149,0.041845604,0.0851308119,0.0004977213,0.0062561453,0.0001107187,0.0020900447,0.0908523459,0.0014418139,0.0005648415,4.61037e-05,0.1972852051,0.1815934876,8.79908e-05,0.0005271435,0.0012052435
217,7SH6.pdb,A,246,ASN,ASN,0.9481546147,0.9481546147,0.0,1.55838e-05,6.7197e-06,0.9481546147,0.0118926305,0.0026824187,0.016385069,0.0034630918,8.17e-08,0.0024050267,0.0001110095,2.95697e-05,1.23176e-05,5.33821e-05,1.7072e-06,5.1301e-06,0.0046058573,0.0067628338,9.26e-08,1.4694e-06,0.0034113942
218,7SH6.pdb,A,247,GLN,GLN,0.6873681874,0.6873681874,0.0,0.0014277287,0.0023032682,0.0020933142,0.00056261,0.0007048716,0.6873681874,0.1277466759,0.0001510949,0.0065590765,4.4209e-06,0.0001693536,0.1035924058,0.065451455,0.0001046464,5.69071e-05,0.0013244808,0.0002171758,7.2443e-06,0.0001522491,2.8336e-06
219,7SH6.pdb,A,248,ALA,ALA,0.7667381479,0.7667381479,0.0,0.7667381479,3.481e-06,1.46539e-05,7.67315e-05,6.60817e-05,1.6759e-06,6.7165e-06,0.1162237374,1.526e-07,4.3e-09,4.28e-08,9.9855e-06,1.255e-07,2.28e-08,3.3001e-06,0.116847973,7.0785e-06,5e-09,1.77e-08,6.63e-08
220,7SH6.pdb,A,249,LEU,LEU,0.9998577116,0.9998577116,0.0,1e-08,4.2e-09,4.605e-07,1.47e-08,1.538e-07,2.52521e-05,1.22307e-05,4e-09,2.229e-07,9.2124e-06,0.9998577116,5.32e-08,9.24714e-05,2.58e-08,4e-09,6.2e-09,1.7691e-06,2e-10,2.8e-09,3.905e-07
221,7SH6.pdb,A,250,ILE,LEU,0.3854018067,0.6023981072,0.644,3.0887e-06,2.9104e-06,1.53934e-05,2.7382e-06,1.04881e-05,0.0011998202,0.0001393133,1.138e-07,6.2186e-06,0.3854018067,0.6023981072,7.67513e-05,0.0013134119,5.508e-07,2.122e-07,6.6015e-06,0.0003362079,9.83e-08,6.239e-07,0.0090855436
222,7SH6.pdb,A,251,GLY,GLY,0.999999998,0.999999998,0.0,9e-10,0.0,0.0,0.0,0.0,0.0,0.0,0.999999998,0.0,0.0,0.0,0.0,0.0,0.0,0.0,1e-09,0.0,0.0,0.0,0.0
223,7SH6.pdb,A,252,LYS,LYS,0.9621536384,0.9621536384,0.0,2.101e-07,0.0335639035,3.4e-09,1e-10,1.271e-07,6.48912e-05,2.8277e-06,2.05e-08,3.79e-08,8e-10,9.82892e-05,0.9621536384,0.0041155032,5.15e-08,1e-10,4.21e-08,2.03e-08,3.775e-07,5.52e-08,3e-10
224,7SH6.pdb,A,253,LYS,LYS,0.9816096778,0.9816096778,0.0,4.8e-09,0.0146597365,4.65e-08,1.8e-09,7.6e-09,0.003446713,0.0001842281,0.0,3.3869e-06,9e-09,1.16e-08,0.9816096778,9.57805e-05,3.31e-08,0.0,7.6e-09,9.1e-09,2.5e-09,3.366e-07,6.9e-09
225,7SH6.pdb,A,254,GLY,GLY,0.9999989353,0.9999989353,0.0,8.6e-07,2.2e-09,1.2e-09,2.8e-09,1.452e-07,7e-10,2.2e-09,0.9999989353,3e-10,1e-10,4e-10,2.2e-09,9e-10,4e-10,1.2e-09,4.22e-08,1.6e-09,0.0,2e-10,8e-10
226,7SH6.pdb,A,255,VAL,VAL,0.9875094722,0.9875094722,0.0,4.5075e-06,2.018e-07,9.57316e-05,4.4215e-06,4.63671e-05,3.735e-07,2.3349e-06,6.6e-08,2.119e-07,0.0096493934,6.0979e-06,8.65e-08,3.22e-07,1.4e-08,3.947e-07,1.4406e-06,0.0026784983,4.2e-08,2.26e-08,0.9875094722
227,7SH6.pdb,A,256,ALA,ALA,0.9189054619,0.9189054619,0.0,0.9189054619,6.8e-09,1.65e-08,2.23e-08,8.5851e-06,1.05e-08,3e-09,1.04524e-05,7e-10,1e-10,1e-10,1.6e-09,3.3e-09,1e-10,1.61e-08,0.0810721045,3.2991e-06,1e-10,1e-10,1.58e-08
228,7SH6.pdb,A,257,TRP,TRP,0.9998724161,0.9998724161,0.0,0.0,8e-10,0.0,0.0,0.0,5e-10,0.0,0.0,2.6776e-06,0.0,0.0,0.0,6e-10,6.53957e-05,0.0,0.0,0.0,0.9998724161,5.95087e-05,0.0
229,7SH6.pdb,A,258,MET,MET,0.9802678751,0.9802678751,0.0,0.0005496023,2.155e-07,0.0001724832,7.318e-07,0.0183155295,0.0003690188,9.1098e-06,1.4939e-06,0.0001780463,3.0095e-06,3.86819e-05,1.47131e-05,0.9802678751,6.2876e-05,1.362e-07,1.34038e-05,9.11e-07,3.22e-08,1.7565e-06,3.735e-07
230,7SH6.pdb,A,259,LYS,LYS,0.972521443,0.972521443,0.0,3.1e-09,0.0274703755,3.4e-09,3e-10,5e-10,3.5331e-06,3.5581e-06,0.0,2.174e-07,3e-10,1.2e-09,0.972521443,7.263e-07,3.8e-09,0.0,4e-10,1.3e-09,8e-10,1.308e-07,5e-10
231,7SH6.pdb,A,260,ARG,ARG,0.9961602921,0.9961602921,0.0,1e-10,0.9961602921,8.96e-08,1e-10,2.04e-08,1.6377e-06,1.34e-08,0.0,5.06104e-05,0.0,7.94e-08,0.0037794972,2.324e-06,6.376e-07,0.0,0.0,1e-10,2.73e-08,4.7706e-06,0.0
232,7SH6.pdb,A,261,PHE,PHE,0.9240418531,0.9240418531,0.0,2e-10,1.1e-08,4.5954e-06,1.69e-08,1.72e-08,4.625e-07,2.094e-07,0.0,0.0019386119,5.3e-09,1.42e-08,3.44e-08,4.8146e-06,0.9240418531,0.0,7e-10,1.08e-08,0.0164252119,0.0575841298,7e-10
233,7SH6.pdb,A,262,MET,LEU,0.0535577149,0.5759636751,3.427,3.4471e-06,6.902e-06,0.0030225854,1.67658e-05,0.0012021492,0.0003636309,8.74363e-05,1.994e-07,1.77723e-05,0.3050693744,0.5759636751,4.09011e-05,0.0535577149,1.7367e-06,4.622e-07,2.0339e-06,0.0002456811,1.814e-07,3.883e-07,0.0603969625
234,7SH6.pdb,A,263,ASP,ASN,0.0233756902,0.3576818987,3.936,0.0001737394,0.0004670608,0.3576818987,0.0233756902,0.0003141734,0.1700369617,0.0060784288,7.978e-06,0.3453086554,2.4934e-06,9.54714e-05,0.0665999672,0.0291293478,0.0001674359,5.144e-07,0.0001334683,3.00796e-05,2.3008e-06,0.0003939071,4.278e-07
235,7SH6.pdb,A,264,ASN,ASP,0.2876171284,0.6498979188,1.176,5.6e-08,0.0001813431,0.2876171284,0.6498979188,2.65916e-05,0.0041830129,0.0564083601,4.6e-09,3.59887e-05,2.18857e-05,0.0005573711,0.0005612671,0.0004766398,6.49e-07,4.36e-08,6.0138e-06,2.15928e-05,4.93e-07,4.116e-07,3.2284e-06
236,7SH6.pdb,A,265,ASP,ASP,0.9999385126,0.9999385126,0.0,7e-10,0.0,4.52641e-05,0.9999385126,4.08e-08,4.03e-08,1.6132e-05,0.0,2e-10,0.0,0.0,0.0,5e-10,0.0,0.0,8.4e-09,3e-10,0.0,0.0,0.0
237,7SH6.pdb,A,266,THR,THR,0.362482166,0.362482166,0.0,4.9831e-06,0.002496089,0.0072693495,0.0029511684,0.0002834947,0.0011810583,0.0108124451,5.606e-07,0.0014501899,0.2828484351,0.0014948286,0.002256527,0.0003136755,0.0003391272,1.8511e-06,0.0002798992,0.362482166,1.34118e-05,0.0001392005,0.3233815392
238,7SH6.pdb,A,267,ARG,ARG,0.8245341588,0.8245341588,0.0,2.348e-07,0.8245341588,0.0001476717,4.9736e-06,2.38e-07,0.0770780256,0.0014914792,1.09e-08,8.28071e-05,9.623e-07,0.0007919586,0.091497716,0.0042671127,5.6434e-06,1.42e-08,1.395e-07,2.587e-07,8.50003e-05,1.15608e-05,3.4e-08
239,7SH6.pdb,A,268,TYR,TYR,0.9213995657,0.9213995657,0.0,0.0,1.6e-08,3.09e-08,7e-10,8e-10,3.8e-09,5e-09,0.0,5.32406e-05,2e-10,2.83e-08,9e-10,6.28e-08,0.0776029056,0.0,2e-10,1e-10,0.0009441383,0.9213995657,2e-10
240,7SH6.pdb,A,269,SER,SER,0.4384161694,0.4384161694,0.0,0.2277186637,2.27418e-05,0.0861759924,0.1991721107,0.0026117673,0.0227675085,0.004892663,7.32213e-05,0.0091448992,6.50924e-05,0.0003609486,0.0002460652,0.0001230802,1.50664e-05,4.4022e-06,0.4384161694,0.0080274722,2.8557e-06,2.33437e-05,0.0001359359
241,7SH6.pdb,A,270,THR,GLN,0.1244920462,0.2407947088,0.952,0.0056933095,0.0462505913,0.0445500591,0.0220699753,0.0029088197,0.2407947088,0.1673620044,9.3537e-05,0.0062979605,0.0463196475,0.0359149662,0.0747403621,0.0349393742,0.0012990332,0.0002372764,0.0104855677,0.1244920462,0.0008297225,0.0010623528,0.1336586856
242,7SH6.pdb,A,271,PHE,PHE,0.8239249362,0.8239249362,0.0,2.04e-08,9.627e-07,2.09591e-05,6.4753e-06,6.533e-07,0.0013939497,0.0004158826,5.4e-09,0.1334330266,3.64874e-05,8.49933e-05,0.0003293824,0.0003811082,0.8239249362,5.184e-07,6.61e-08,6.36e-08,0.0008446653,0.0391251716,6.724e-07
243,7SH6.pdb,A,272,ALA,ALA,0.9979191654,0.9979191654,0.0,0.9979191654,5.3e-09,4.57e-08,8.65e-08,5.9287e-06,3.07e-08,2.14e-08,2.295e-07,1.5e-08,1e-10,1e-10,6.5e-09,9.4e-09,6e-10,6.4e-09,0.0020741786,2.619e-07,1e-10,1.1e-09,6.9e-09
244,7SH6.pdb,A,273,CYS,CYS,0.9667165045,0.9667165045,0.0,0.0074936671,2.12e-07,0.0001383932,1.97239e-05,0.9667165045,1.0832e-06,8.752e-07,0.0001777123,4.18814e-05,4.996e-07,3.078e-07,1.2887e-06,1.6162e-06,6.822e-07,1.5993e-06,0.0157905828,0.0095892866,1.58e-08,2.774e-07,2.3791e-05
245,7SH6.pdb,A,274,GLU,MET,0.2599068073,0.518266808,0.996,1.895e-06,0.000275884,0.0011330878,0.0017460692,0.0005772037,0.1299388762,0.2599068073,4.49e-08,0.00762859,0.0017171591,0.0458820002,0.025502919,0.518266808,0.0054897414,2.434e-07,2.36476e-05,0.0007253626,4.069e-06,0.0008546893,0.0003249023
246,7SH6.pdb,A,275,ASN,ASP,0.2746042099,0.7251301342,1.401,3.836e-07,2.98e-08,0.2746042099,0.7251301342,0.0001620795,2.4032e-06,8.2003e-06,5e-10,4.35185e-05,2.48e-08,4.37e-08,1.2521e-06,5.539e-07,2.86e-08,3.7e-09,4.58855e-05,1.137e-06,2.2e-09,8.6e-09,1.006e-07
247,7SH6.pdb,A,276,PRO,PRO,0.9999998241,0.9999998241,0.0,1.19e-08,1e-10,2.5e-09,2.8e-09,9.2e-09,1.06e-08,3.28e-08,2e-10,5e-10,2.1e-09,4e-10,1e-10,1.7e-09,0.0,0.9999998241,1.51e-08,2.79e-08,0.0,0.0,5.8e-08
248,7SH6.pdb,A,277,ASN,LYS,0.1628681912,0.3552525958,1.125,1.39833e-05,0.0944129005,0.1628681912,0.0118477318,0.0014760361,0.1124971814,0.2249570195,3.0411e-06,0.0120509579,0.0020511579,0.0103125829,0.3552525958,0.009371693,0.0003643063,6.5693e-06,0.0004286737,0.0004852103,7.70733e-05,0.0001373027,0.0013857919
249,7SH6.pdb,A,278,SER,SER,0.9903195101,0.9903195101,0.0,0.0021475843,5.575e-07,0.0002912861,0.0057109365,0.0013460242,1.05522e-05,8.07413e-05,1.665e-07,3.656e-07,8.2e-09,1.884e-07,1.9665e-06,4.919e-07,8.1e-09,6.072e-07,0.9903195101,8.86623e-05,5.8e-09,1.08e-08,3.265e-07
250,7SH6.pdb,A,279,THR,SER,0.0593645092,0.4603786494,2.955,0.0078433191,0.0250354464,0.0179039804,0.1192406712,0.00071884,0.0212714869,0.1781658706,8.30372e-05,0.0076373594,0.0066284907,0.0017102569,0.0793674139,0.0037199603,0.0018357312,5.45913e-05,0.4603786494,0.0593645092,0.0001652357,0.0011567343,0.0077184158
251,7SH6.pdb,A,280,ALA,ALA,0.3406319507,0.3406319507,0.0,0.3406319507,0.0011166413,0.0242452222,0.0641239598,0.0040494867,0.0345638909,0.3206969393,8.71718e-05,0.0010844336,3.12796e-05,4.70335e-05,0.0027830497,0.0005775164,5.76477e-05,4.54088e-05,0.1828469715,0.022199578,1.23548e-05,9.91593e-05,0.0007003045
252,7SH6.pdb,A,281,VAL,VAL,0.9962032927,0.9962032927,0.0,3.2687e-06,6.8e-09,5.3983e-06,3.6054e-06,0.0002036489,1.64e-07,1.0443e-06,3.25e-08,1.05e-08,0.0034622468,2.92313e-05,1.79e-08,1.1423e-06,7.2e-09,2.22e-08,1.0984e-06,8.57581e-05,1.5e-09,2.1e-09,0.9962032927
253,7SH6.pdb,A,282,SER,SER,0.9955359754,0.9955359754,0.0,0.0044314674,3e-10,1.405e-07,2.01e-07,3.7354e-06,6.5e-09,5.3e-09,2.7563e-05,3e-09,0.0,0.0,6e-10,2e-10,1e-10,9e-10,0.9955359754,9.003e-07,0.0,1e-10,1e-10
254,7SH6.pdb,A,283,ASP,ASP,0.8066287821,0.8066287821,0.0,3.99664e-05,4.8441e-06,0.0723287934,0.8066287821,0.0003372467,0.0029872266,0.1141368793,1.3307e-06,3.31066e-05,7.0371e-06,5.213e-06,2.37964e-05,6.47711e-05,4.268e-07,4.96e-07,0.0021675176,0.0011112812,4.447e-07,6.621e-07,0.0001201782
255,7SH6.pdb,A,284,PHE,PHE,0.7529193045,0.7529193045,0.0,7e-10,2.7e-08,1.18e-08,5e-10,1.05e-08,2.18e-08,1.8e-09,0.0,4.26873e-05,1.4e-09,5.2e-09,1.888e-07,3.4089e-06,0.7529193045,0.0,1.3e-09,1.6e-09,0.0004532508,0.2465810668,9.2e-09
256,7SH6.pdb,A,285,ARG,ARG,0.92240197,0.92240197,0.0,1.308e-07,0.92240197,2.4671e-06,2.793e-07,6.074e-07,0.0010347019,2.40491e-05,4.6e-09,1.02021e-05,1.9946e-06,5.08916e-05,0.0763843475,8.27535e-05,8.768e-07,2.2e-09,4.111e-07,4.97e-07,2.4413e-06,9.926e-07,3.796e-07
257,7SH6.pdb,A,286,THR,THR,0.5810772747,0.5810772747,0.0,0.1206310767,0.0008750807,0.0010887395,0.0001950639,0.0063547654,0.1205305765,0.0183565624,8.20024e-05,0.0001485999,5.6957e-06,3.22577e-05,0.0003594456,0.0024074136,6.4801e-06,5.7557e-06,0.147290779,0.5810772747,4.4148e-06,1.28823e-05,0.0005351334
258,7SH6.pdb,A,287,ALA,ALA,0.8535524224,0.8535524224,0.0,0.8535524224,0.000230646,0.0006081858,0.0068970621,0.0015792558,0.0016675358,0.0058596056,0.0035364562,0.0004486418,2.6341e-06,5.2293e-06,0.0008379261,0.0001048027,2.38538e-05,8.5928e-06,0.1240353109,0.0005109422,9.3114e-06,1.2573e-05,6.90123e-05
259,7SH6.pdb,A,288,ASN,ASN,0.7344520547,0.7344520547,0.0,0.0127255864,0.007403396,0.7344520547,0.0396762628,0.0018508256,0.0636082953,0.0083372279,2.56361e-05,0.0053711243,5.28967e-05,0.0331568501,0.0556536027,0.0304321204,0.0005532601,4.4344e-06,0.0059558563,0.0001160587,2.71993e-05,0.0005689379,2.83743e-05
260,7SH6.pdb,A,289,CYS,CYS,0.7536103494,0.7536103494,0.0,0.0034782671,8.9554e-06,0.0007384319,0.0052300755,0.7536103494,4.69077e-05,0.0002489614,3.18261e-05,8.006e-07,0.0002573678,5.4855e-06,2.1172e-06,7.64529e-05,2.699e-07,3.11292e-05,0.0015532622,0.0466411312,3.47e-07,1.914e-07,0.1880376704
